时刻	网格	结束	源数	虚拟	均摊	移动	检测	切换	清除	检测次	切换次	失败次	direct	最大clear
260912_200819	?	Y	0	4652.8	nan	3092.8	1300.0	260.0	0.0	260	260	0	0	0
260912_202314	?	N	0	5080.7	nan	3514.7	1305.0	261.0	0.0	261	261	0	0	0
260912_204518	?	Y	12	7344.9	612.1	5724.9	1300.0	260.0	60.0	260	260	0	12	1
260912_210451	?	Y	7	26243.5	3749.1	24544.5	1505.0	147.0	47.0	301	147	4	6	2
260912_211944	?	Y	16	6371.2	398.2	4688.2	1330.0	261.0	92.0	266	261	4	15	5
260912_212204	?	Y	11	6041.4	549.2	4392.4	1330.0	261.0	58.0	266	261	1	10	2
260912_212304	?	Y	13	5528.3	425.3	3894.3	1300.0	260.0	74.0	260	260	3	10	2
260912_221255	?	Y	12	5102.4	425.2	4097.4	740.0	148.0	117.0	148	148	19	11	20
260912_221328	?	Y	11	4991.9	453.8	3634.9	1085.0	211.0	61.0	217	211	2	10	3
260912_221400	?	Y	14	4764.1	340.3	3572.1	910.0	182.0	100.0	182	182	10	11	8
260912_223531	?	Y	11	4322.7	393.0	3007.7	1050.0	210.0	55.0	210	210	0	11	1
260912_223604	?	Y	11	4793.0	435.7	3613.0	935.0	187.0	58.0	187	187	1	10	2
260912_223640	?	Y	14	4666.0	333.3	3582.0	845.0	169.0	70.0	169	169	0	14	1
260912_223718	?	Y	10	4520.2	452.0	3255.2	1010.0	202.0	53.0	202	202	1	9	2
260912_223743	?	Y	15	4755.8	317.1	3660.8	850.0	170.0	75.0	170	170	0	15	1
260912_224758	?	Y	16	4894.0	305.9	3749.0	880.0	176.0	89.0	176	176	3	13	2
260912_224845	?	Y	16	4556.0	284.7	3453.0	845.0	169.0	89.0	169	169	3	13	2
260912_224954	?	Y	14	5115.4	365.4	3942.4	910.0	181.0	82.0	182	181	4	11	3
260912_225021	?	Y	14	4688.5	334.9	3490.5	935.0	187.0	76.0	187	187	2	12	2
260912_225103	?	Y	12	4368.6	364.0	3260.6	870.0	172.0	66.0	174	172	2	10	2
260913_001459	?	Y	10	4590.4	459.0	3214.4	1105.0	221.0	50.0	221	221	0	10	1
260913_001529	?	Y	13	4438.3	341.4	3290.3	905.0	175.0	68.0	181	175	1	12	2
260913_001558	?	Y	10	4444.6	444.5	3161.6	1025.0	205.0	53.0	205	205	1	9	2
260913_001637	?	Y	11	4393.1	399.4	2970.1	1140.0	228.0	55.0	228	228	0	11	1
260913_001700	?	Y	10	4633.1	463.3	3325.1	1055.0	203.0	50.0	211	203	0	10	1
260913_001724	?	Y	13	5175.7	398.1	3901.7	1010.0	193.0	71.0	202	193	2	12	3
260913_001751	?	Y	11	4349.3	395.4	3064.3	1025.0	205.0	55.0	205	205	0	11	1
260913_001812	?	Y	10	4362.8	436.3	3085.8	1020.0	204.0	53.0	204	204	1	9	2
260913_001833	?	Y	12	4159.2	346.6	2965.2	940.0	188.0	66.0	188	188	2	10	2
260913_001906	?	Y	16	5245.1	327.8	4156.1	845.0	164.0	80.0	169	164	0	16	1
260913_063903	?	Y	10	4214.0	421.4	3081.0	895.0	179.0	59.0	179	179	3	7	2
260913_063940	?	Y	14	4110.8	293.6	3128.8	760.0	152.0	70.0	152	152	0	14	1
260913_064015	?	Y	11	4495.2	408.7	3393.2	875.0	169.0	58.0	175	169	1	10	2
260913_064042	?	Y	13	4295.8	330.4	3198.8	860.0	172.0	65.0	172	172	0	13	1
260913_064113	?	Y	14	4464.8	318.9	3428.8	805.0	161.0	70.0	161	161	0	14	1
260913_065753	?	Y	14	4451.3	318.0	3365.3	850.0	166.0	70.0	170	166	0	14	1
260913_065825	?	Y	10	4405.5	440.6	3179.5	975.0	195.0	56.0	195	195	2	8	2
260913_065858	?	Y	15	4849.3	323.3	3750.3	855.0	163.0	81.0	171	163	2	13	2
260913_065924	?	Y	13	4569.0	351.5	3374.0	950.0	180.0	65.0	190	180	0	13	1
260913_065955	?	Y	13	4503.8	346.4	3407.8	865.0	166.0	65.0	173	166	0	13	1
260913_083225	radial	Y	14	3680.9	262.9	2657.9	800.0	153.0	70.0	160	153	0	14	1
260913_083301	radial	Y	13	4275.6	328.9	3169.6	880.0	161.0	65.0	176	161	0	13	1
260913_083324	radial	Y	13	3509.5	270.0	2503.5	785.0	156.0	65.0	157	156	0	13	1
260913_083348	radial	Y	10	3670.5	367.1	2431.5	995.0	194.0	50.0	199	194	0	10	1
260913_083414	radial	Y	15	4140.7	276.0	3144.7	760.0	152.0	84.0	152	152	3	12	2
260913_083842	radial	Y	14	3668.0	262.0	2677.0	765.0	153.0	73.0	153	153	1	13	2
260913_083903	radial	Y	15	4358.9	290.6	3280.9	845.0	158.0	75.0	169	158	0	15	1
260913_083944	radial	Y	16	4326.5	270.4	3338.5	765.0	140.0	83.0	153	140	1	15	2
260913_084008	radial	Y	14	6348.6	453.5	4703.6	1110.0	174.0	361.0	222	174	97	12	97
260913_084039	radial	Y	14	3870.6	276.5	2817.6	815.0	153.0	85.0	163	153	5	13	6
260913_085054	radial	Y	11	4266.2	387.8	3076.2	945.0	178.0	67.0	189	178	4	8	3
260913_085120	radial	Y	15	4261.3	284.1	3089.3	925.0	169.0	78.0	185	169	1	14	2
260913_085144	radial	Y	12	3789.9	315.8	2625.9	925.0	179.0	60.0	185	179	0	12	1
260913_085206	radial	Y	11	3841.3	349.2	2670.3	925.0	185.0	61.0	185	185	2	9	2
260913_085230	radial	Y	10	3521.7	352.2	2360.7	930.0	178.0	53.0	186	178	1	9	2
260913_085943	radial	Y	13	4188.6	322.2	3014.6	920.0	177.0	77.0	184	177	4	9	2
260913_090027	radial	Y	10	3813.6	381.4	2692.6	895.0	173.0	53.0	179	173	1	9	2
260913_090053	radial	Y	10	3509.8	351.0	2319.8	945.0	189.0	56.0	189	189	2	8	2
260913_090119	radial	Y	12	3616.1	301.3	2497.1	890.0	166.0	63.0	178	166	1	11	2
260913_090144	radial	Y	13	3901.1	300.1	2813.1	845.0	169.0	74.0	169	169	3	10	2
260913_094928	radial	Y	15	3443.9	229.6	2510.9	710.0	142.0	81.0	142	142	2	13	2
260913_095014	radial	Y	16	3951.6	247.0	2924.6	790.0	148.0	89.0	158	148	3	13	2
260913_095041	radial	Y	11	3486.2	316.9	2378.2	875.0	175.0	58.0	175	175	1	10	2
260913_095115	radial	Y	12	3702.6	308.6	2658.6	825.0	159.0	60.0	165	159	0	12	1
260913_095141	radial	Y	13	4019.7	309.2	2873.7	900.0	175.0	71.0	180	175	2	11	2
