企业代号,企业名称,是否违约,"('金额', 'count')_x","('金额', 'mean')_x","('金额', 'std')_x","('金额', 'min')_x","('金额', '25%')_x","('金额', '50%')_x","('金额', '75%')_x","('金额', 'max')_x","('税额', 'count')_x","('税额', 'mean')_x","('税额', 'std')_x","('税额', 'min')_x","('税额', '25%')_x","('税额', '50%')_x","('税额', '75%')_x","('税额', 'max')_x","('价税合计', 'count')_x","('价税合计', 'mean')_x","('价税合计', 'std')_x","('价税合计', 'min')_x","('价税合计', '25%')_x","('价税合计', '50%')_x","('价税合计', '75%')_x","('价税合计', 'max')_x","('发票状态', 'count')_x","('发票状态', 'unique')_x","('发票状态', 'top')_x","('发票状态', 'freq')_x","('金额', 'count')","('金额', 'mean')","('金额', 'std')","('金额', 'min')","('金额', '25%')","('金额', '50%')","('金额', '75%')","('金额', 'max')","('税额', 'count')","('税额', 'mean')","('税额', 'std')","('税额', 'min')","('税额', '25%')","('税额', '50%')","('税额', '75%')","('税额', 'max')","('价税合计', 'count')","('价税合计', 'mean')","('价税合计', 'std')","('价税合计', 'min')","('价税合计', '25%')","('价税合计', '50%')","('价税合计', '75%')","('价税合计', 'max')","('发票状态', 'count')","('发票状态', 'unique')","('发票状态', 'top')","('发票状态', 'freq')"
E1,***电器销售有限公司,否,3441.0,1733225.0460389284,3917947.8397440403,-9823008.85,265.49,970.87,98201.77,9999984.51,3441.0,269882.7255390872,623070.3472376664,-1452991.45,27.58,61.67,12766.23,1699990.41,3441.0,2003107.7715780325,4538253.102369316,-11100000.0,300.0,1000.0,110968.0,11699934.0,3441,2,有效发票,3249,8110.0,512083.06309371104,426705.0674377475,-979222.22,106285.61,518230.765,952564.63,999990.51,8110.0,79632.34315043142,67949.06036827568,-166467.78,16299.1225,79078.02,146970.495,169996.69,8110.0,591715.4062441434,493962.2636661002,-1145690.0,122176.5,600256.75,1096494.0,1169977.0,8110,2,有效发票,7886
E2,***技术有限责任公司,否,32156.0,5117.059351909324,25116.139047145134,-99857.14,172.42,297.345,766.99,999047.62,32156.0,223.6691544346112,1393.5339629345242,-5660.38,11.01,29.06,55.17,75381.2,32156.0,5340.728506344082,25935.553495571286,-100000.0,200.0,330.0,810.0,1000000.0,32156,2,有效发票,31435,12707.0,51576.44256709058,43446.54796303429,-94339.62,8501.89,56603.77,94339.62,95238.1,12707.0,3094.8556716770854,2607.728602265705,-5660.38,510.11,3396.23,5660.38,10372.41,12707.0,54671.298238766074,46052.957198552176,-100000.0,9012.0,60000.0,100000.0,100000.0,12707,2,有效发票,11665
E3,***电子(中国)有限公司***分公司,否,4561.0,12100.597301030493,54572.429299337186,-321045.22,211.65,367.93,1655.66,757365.79,4561.0,510.85596141197107,2809.1369668718085,-246.45,8.68,21.87,62.63,45441.95,4561.0,12611.453262442414,56971.8606671076,-321045.22,227.0,392.0,1756.0,802807.74,4561,2,有效发票,4367,24073.0,24458.395779919334,103780.59801781851,-997656.4,1457.52,3380.85,19593.1,997656.4,24073.0,3902.8299900303273,16999.28788301735,-148381.09,230.04,534.92,3034.48,168685.52,24073.0,28361.22576995022,120731.7509113251,-1127351.73,1680.0,3907.0,22569.62,1160953.5,24073,2,有效发票,23688
E4,***发展有限责任公司,否,558.0,588112.1810215048,2001187.4248058405,-3798756.81,319.11749999999995,938.69,33980.58,9465746.36,558.0,93621.59731182798,328104.38978144556,-607801.09,31.46,71.885,1378.6074999999998,1543906.71,558.0,681733.7783333332,2328124.674892511,-4406557.9,360.25,982.85,35000.0,10980265.78,558,2,有效发票,521,2231.0,901470.1379964106,231874.3781792137,-999771.52,966090.52,986217.95,998247.86,999999.32,2231.0,149910.7116808602,39990.867024656385,-169961.16,155099.31,166059.49,169476.92,169997.16,2231.0,1051380.849677275,271272.68484421744,-1169732.68,1125048.355,1151000.0,1166400.0,1169980.44,2231,2,有效发票,2041
E5,***供应链管理有限公司,否,2169.0,93103.16343476239,331661.9890977975,-98909.09,389.38,80653.21,99115.04,6497091.72,2169.0,13881.720719225572,52523.60850790651,-9890.91,23.91,8727.27,15724.14,1039534.68,2169.0,106984.8841539879,384097.9520127546,-108800.0,414.0,89244.0,113751.34,7536626.4,2169,2,有效发票,2084,1060.0,198869.123160377,274308.19285509596,-99137.93,95811.97,99145.3,99913.79,999597.07,1060.0,30176.322679245328,40353.30977730022,-15862.07,15696.55,15961.380000000001,16636.75,159935.53,1060.0,229045.44583962267,314360.5107643961,-115000.0,112100.0,115430.0,115913.0,1159532.6,1060,2,有效发票,1005
E6,***装饰设计工程有限公司,否,11337.0,28293.70241069045,88086.39740538018,-97087.38,462.14,8609.91,9968.97,999285.71,11337.0,1796.8731869101318,4366.475526751068,-6896.55,21.7,288.35,1149.0,69026.54,11337.0,30090.575597600888,90881.35938949116,-100000.0,485.0,9267.0,11250.0,1000000.0,11337,2,有效发票,10814,1052.0,389674.0452756655,355070.416739376,-538921.08,48543.69,284203.86,737151.21,990990.99,1052.0,31051.829077946662,32548.292078087223,-48502.9,2921.6349999999998,19657.010000000002,55051.4025,109009.01,1052.0,420725.87435361213,383801.2241183195,-587423.98,51150.0,302463.28500000003,799143.59,1100000.0,1052,2,有效发票,913
E7,***家电有限公司***分公司,否,13097.0,4787.550359624379,21981.26409035907,-197940.14,123.3,269.9,1973.4,528517.48,13097.0,301.67593494692863,1937.7417859781299,-33649.86,2.91,20.69,62.91,33649.86,13097.0,5089.226294571293,23519.156585073215,-231590.0,128.0,300.0,2024.15,544373.0,13097,2,有效发票,12643,8149.0,64525.97552828562,204623.7224569198,-998099.15,300.88,16915.39,97196.58,999998.29,8149.0,10478.151371947488,34083.15771974791,-169676.85,46.48,2599.4,15565.96,169999.71,8149.0,75004.12690023308,238664.47439944206,-1167776.0,350.0,19520.0,112600.0,1169998.0,8149,2,有效发票,8032
E8,***科学研究院有限公司,否,22536.0,7655.414522985566,61152.219470573335,-129800.0,181.55,309.73,951.46,5253796.61,22536.0,379.1748970535832,2504.9536886725195,-6013.79,9.93,29.06,55.8,157613.9,22536.0,8034.5894200391085,63275.99298530217,-130200.0,200.0,345.0,984.0,5411410.51,22536,2,有效发票,21777,9425.0,43024.66561379393,41010.56512013474,-99320.75,5660.38,37735.85,94339.62,99999.99,9425.0,2637.528637665727,2591.5687078020715,-14529.91,339.62,2264.15,5660.38,14529.91,9425.0,45662.19425145892,43525.72197498642,-105280.0,6000.0,40000.0,100000.0,105999.99,9425,2,有效发票,8359
E9,***生活用品服务有限公司***分公司,否,4293.0,5798.082296762171,22293.72995378933,-61824.2,192.23,514.29,2445.13,743915.09,4293.0,421.8967691590981,1590.1107487001416,-10510.08,5.24,17.48,79.25,44634.91,4293.0,6219.979065921273,23805.466898088995,-72334.28,200.0,556.0,2591.84,788550.0,4293,2,有效发票,4199,5906.0,55786.350279377024,36984.65053954651,-99999.0,25875.3325,64590.42,87997.105,99999.0,5906.0,8693.511870978677,5921.054093119783,-16999.83,3983.115,9950.07,13360.78,16999.83,5906.0,64479.86215035567,42819.19731533492,-116998.83,29897.9,74969.58,101762.2525,116998.83,5906,2,有效发票,5760
E10,***建筑劳务有限公司,否,4097.0,1502.9112106419461,4137.847722760053,-47209.43,190.29,355.24,969.9,58685.27,4097.0,78.394757139371,291.9381200545949,-2832.57,10.02,25.51,55.17,8275.86,4097.0,1581.3059677813062,4353.305223743403,-50042.0,203.0,388.0,999.0,60445.85,4097,2,有效发票,3860,568.0,649779.940176058,349613.68383225845,-582524.27,322721.02749999997,803110.59,970873.79,999900.0,568.0,20463.987447183197,12717.283173543718,-17475.73,10194.17,25648.845,29126.21,99099.1,568.0,670243.9276232391,360353.428464252,-600000.0,332536.1675,827203.91,1000000.0,1029897.0,568,2,有效发票,516
E11,***建设工程有限公司,否,2836.0,50573.83541255322,89824.48227386977,-96714.28,303.0325,9079.61,94296.1175,993033.98,2836.0,4239.130070521898,8398.044534511599,-14454.36,29.1075,630.77,6215.295,152448.15,2836.0,54812.965003526064,95962.9412953823,-111168.64,336.0,9999.0,100000.0,1049202.04,2836,2,有效发票,2715,1117.0,136521.49242614335,196532.7965633332,-90909.09,90909.09,90909.09,90909.09,990825.69,1117.0,12969.823339301816,17532.775200154287,-9090.91,9090.91,9090.91,9090.91,89174.31,1117.0,149491.31576544317,214060.8256165642,-100000.0,100000.0,100000.0,100000.0,1080000.0,1117,2,有效发票,1051
E12,***建筑劳务有限公司,否,1796.0,57978.93211581254,267698.8699196621,-96116.5,269.235,831.07,8773.775000000001,3592233.01,1796.0,3949.0827115812876,14010.846377970633,-11504.42,21.855,66.2,793.105,262410.26,1796.0,61928.014827394174,278289.5829139152,-100000.0,300.0,900.0,9900.0,3700000.0,1796,2,有效发票,1757,285.0,851562.4182105244,222477.7591398656,-900900.9,900900.9,909090.91,970873.79,999909.91,285.0,73290.18708771924,32229.06783237685,-99099.1,33027.52,90909.09,90909.09,109990.09,285.0,924852.6052982456,242040.058970254,-1000000.0,1000000.0,1000000.0,1000000.0,1109900.0,285,2,有效发票,263
E13,***汽车贸易有限公司,否,13469.0,7258.409796570128,30120.014708259376,-80603.45,319.47,431.03,898.05,1237876.11,13469.0,917.7108760857532,3960.635179308235,-12896.55,39.04,57.52,101.71,160923.89,13469.0,8176.120570198243,33907.84778355755,-93500.0,361.0,500.0,1000.0,1398800.0,13469,2,有效发票,13255,8005.0,29957.44812492197,106121.54674535882,-976068.36,650.0,2256.64,11566.38,995344.81,8005.0,4452.6324047470425,16381.270141325811,-165931.64,100.84,340.58,1569.63,165931.64,8005.0,34410.08052966896,122383.52474260608,-1142000.0,754.0,2600.0,13273.0,1154600.0,8005,2,有效发票,6808
E14,个体经营E14,否,7077.0,17386.70643351699,63241.17147625426,-99543.1,221.98,2200.82,10006.0,909090.91,7077.0,2165.515746785362,7123.749642586833,-15926.9,19.22,151.46,1502.03,99099.1,7077.0,19552.222180302404,70206.00147624266,-115470.0,240.0,2400.0,11600.0,1000000.0,7077,2,有效发票,6527,3336.0,68685.15886091121,140478.83647368397,-431939.66,5064.6575,21238.94,61876.815,984957.26,3336.0,10744.513396283002,21713.533059281945,-69110.34,776.6949999999999,3221.24,9890.689999999999,167442.74,3336.0,79429.67225719422,162047.32164683228,-501050.0,5800.0,24500.0,72000.0,1152400.0,3336,2,有效发票,3097
E15,***劳务有限公司,否,92.0,46070.20652173915,42918.40065426466,16.98,498.455,44719.865,88495.58,122982.52,92.0,6146.580869565218,6119.8619138854465,0.0,29.4225,5223.370000000001,11630.970000000001,15999.86,92.0,52216.787391304344,48785.70448942807,18.0,563.25,51180.0,100000.0,126672.0,92,1,有效发票,92,2412.0,93613.34630596817,13745.961078180731,0.97,97087.38,97087.38,97087.38,97087.38,2412.0,3475.9625704810196,1942.5674595521778,0.03,2912.62,2912.62,2912.62,9090.91,2412.0,97089.30887645108,14126.67060904034,1.0,100000.0,100000.0,100000.0,100000.0,2412,2,有效发票,2260
E16,***建筑劳务有限公司,否,290.0,957.4699655172407,2421.3794632258346,-19902.91,260.5775,384.955,754.72,19902.91,290.0,53.731482758620686,85.32709159509396,-597.09,17.490000000000002,38.14,62.239999999999995,665.49,290.0,1011.2014482758622,2499.5534981555893,-20500.0,276.0,435.0,840.0,20500.0,290,2,有效发票,289,439.0,531963.1945558091,310263.01548733626,0.0,199857.14,549607.14,825242.72,999284.71,439.0,10234.152687927111,11367.891541849354,0.0,489.29,3495.15,22401.015,69795.56,439.0,542197.3472437357,316299.5869113188,0.0,200000.0,558346.32,840000.0,999999.0,439,2,有效发票,390
E17,***消防工程有限公司,否,7568.0,18843.702252906824,43733.494286948255,-862068.97,384.14750000000004,9242.23,9902.91,866254.18,7568.0,1802.2995256342238,5913.058618158941,-137931.03,29.06,288.7,617.435,138600.66,7568.0,20646.001778541187,48849.6820811989,-1000000.0,420.0,9800.0,10240.0,1004854.84,7568,2,有效发票,7143,676.0,274539.3743195266,315286.26367167826,-970873.79,28777.0175,159440.62,454545.45,989527.11,676.0,23728.18615384617,28422.747577429185,-104702.13,2362.0025,13202.974999999999,33748.854999999996,108018.02,676.0,298267.5604733728,341002.95853958325,-1056539.7,31494.675000000003,174530.865,500000.0,1090000.0,676,2,有效发票,561
E18,***消防工程有限责任公司,否,5765.0,23878.80748482149,65754.6790449388,-868932.04,1990.29,9757.28,9961.17,999285.71,5765.0,1867.4006643537648,5307.783615061422,-26067.96,74.27,294.17,299.71,109267.3,5765.0,25746.20814917608,69709.50039641159,-895000.0,2129.0,10066.25,10260.0,1000000.0,5765,2,有效发票,5455,381.0,542423.9095538052,320547.105665114,-728194.27,250643.53,582524.27,841026.21,970873.78,381.0,28375.40401574802,24632.88140550943,-21845.83,11650.49,23300.97,29123.3,93726.44,381.0,570799.3135695538,336191.8082464607,-750040.1,260000.0,600000.0,900000.0,999999.99,381,2,有效发票,345
E19,***科技有限公司,否,1524.0,125398.87534120723,209681.94662633928,-68965.52,9356.8,84070.8,99603.45,2264755.74,1524.0,19841.111719160155,33463.35432231931,-11034.48,1152.4875,12202.86,15994.76,294418.25,1524.0,145239.98706036725,242960.41159890962,-80000.0,10096.825,95270.04000000001,115200.0,2559173.99,1524,2,有效发票,1484,3099.0,64274.714785414624,34988.27292064712,-99981.38,42694.47,76075.73,92204.125,99999.68,3099.0,10213.718109067446,5688.171077813621,-16995.64,6811.455,11769.23,14749.904999999999,16999.94,3099.0,74488.43289448218,40592.38081929614,-116970.0,49454.0,88372.65,106214.25,116999.62,3099,2,有效发票,2821
E20,***贸易有限公司,否,1130.0,172358.08613274377,317615.0707548165,-37284.48,67203.04,98518.19,99827.59,5641478.53,1130.0,26038.6937876107,51091.26864924687,-5965.52,9602.195,15762.91,16825.64,959051.35,1130.0,198396.77992035422,368317.5138141014,-43250.0,78073.575,113820.0,115994.0,6600529.88,1130,2,有效发票,1041,777.0,263636.8988030888,319236.9920049532,0.0,94059.03,98581.97,174877.96,991379.31,777.0,41690.07617760626,49117.552079581146,0.0,15990.04,16758.93,29667.24,168509.23,777.0,305326.9749806948,368042.1478269718,0.0,110049.07,115340.9,204180.4,1159740.0,777,2,有效发票,737
E21,***建设工程有限公司,否,2312.0,56208.765432525266,100341.40960871369,-97087.38,873.79,35947.845,95797.345,1652427.18,2312.0,4022.2926427335533,7528.626693763363,-10712.0,40.760000000000005,1747.455,3151.675,157241.38,2312.0,60231.058075259505,105502.28991723048,-100000.0,900.0,40000.0,100000.0,1702000.0,2312,2,有效发票,2146,1466.0,82862.79745566437,33498.78195251762,-91743.12,90909.09,90909.09,91743.12,97087.38,1466.0,7928.094658936122,3291.1417435239996,-8256.88,8256.88,9000.0,9090.91,10398.47,1466.0,90790.89211459756,36606.88288259409,-100000.0,100000.0,100000.0,100000.0,104930.0,1466,2,有效发票,1428
E22,***物流有限公司,否,1610.0,45047.062273292024,79694.68887126722,-86379.31,1280.58,11353.85,69031.73,858407.08,1610.0,6176.833813664614,11908.92191482309,-13820.69,89.18,1232.0,8988.52,111592.92,1610.0,51223.896086956476,91283.89896694644,-100200.0,1319.0,11856.0,79920.0,970000.0,1610,2,有效发票,1520,1562.0,82095.54384122959,24872.17353278374,-81081.08,76299.77,94594.59,96330.28,99926.97,1562.0,8055.348962868211,2497.0881569327507,-8918.92,7560.95,8669.72,9490.91,10950.45,1562.0,90150.89280409744,27282.21514966542,-90000.0,83963.0,104000.0,105000.0,110500.0,1562,2,有效发票,1366
E23,***贸易有限公司,否,4951.0,35432.90763280151,154693.94055181407,-85470.09,172.82,465.05,5283.65,999837.48,4951.0,5546.779276913785,24993.111740386594,-14529.91,8.65,35.4,402.49,168151.07,4951.0,40979.68690971528,179596.98667871722,-100000.0,200.0,500.0,5841.0,1159793.4,4951,2,有效发票,4802,3570.0,52206.37394957983,37390.8948140659,-95549.21,11816.0025,60352.024999999994,88568.31,99998.33,3570.0,8200.72082913166,6202.861400776178,-16243.37,1673.0025,8932.255000000001,14216.29,16999.7,3570.0,60407.09477871157,43470.501292723835,-111792.58,13189.185000000001,69642.69,102684.3025,116998.03,3570,3,有效发票,3441
E24,***建筑工程有限公司,否,2047.0,37644.83516853925,90297.48194159089,-214558.2,265.49,1514.01,84070.8,996871.79,2047.0,5445.464821690237,13800.587832053041,-34329.31,27.59,95.55,11004.105,169468.22,2047.0,43090.299990229614,103826.97165075396,-248887.51,300.0,1637.0,95285.8,1166340.01,2047,2,有效发票,2004,1782.0,85725.88907968505,28154.169295008825,-99082.57,90090.09,94827.59,99090.91,99999.09,1782.0,8373.782811447842,3458.7577321054378,-13793.1,8256.88,9090.91,9909.91,16864.88,1782.0,94099.67189113356,31041.938665114863,-108000.0,100000.0,100000.0,109000.0,116070.02,1782,2,有效发票,1638
E25,***通讯设备有限公司,否,1410.0,6566.296085106395,29888.0485263304,-53630.77,172.5525,308.265,1126.42,838214.56,1410.0,742.0777234042549,2538.121163829436,-9117.23,11.5,29.85,76.69,25146.44,1410.0,7308.373808510637,31795.034177982438,-62748.0,195.0,330.0,1217.4975,863361.0,1410,2,有效发票,1391,978.0,43062.345787321065,225008.4062354861,-95575.22,847.0024999999999,5603.45,33247.49,3978956.9,978.0,6601.1583640081835,34034.6796813559,-15358.12,121.475,839.82,5172.65,636633.1,978.0,49663.50415132926,258888.73654060758,-108000.0,967.5,6500.0,38750.0,4615590.0,978,2,有效发票,814
E26,***金属材料有限公司,否,791.0,48781.56850821734,75263.45545660144,-67932.31,2099.0550000000003,35904.76,86355.66,986171.72,791.0,7319.036776232622,12253.089415114706,-11548.49,184.25,3564.28,12770.279999999999,157787.48,791.0,56100.605284450045,87405.76085048617,-79480.8,2334.5,37700.0,100000.0,1143959.2,791,2,有效发票,758,504.0,80311.97150793628,23728.062465889252,-28362.07,84615.38,88495.58,94827.59,99858.96,504.0,12661.89807539683,3898.766126177694,-4537.93,11504.42,14384.62,15172.41,16946.53,504.0,92973.8695833333,27444.308218198996,-32900.0,99000.0,100000.0,110000.0,116632.0,504,2,有效发票,450
E27,***农业开发有限公司,否,2565.0,18332.315645224244,31465.023777995448,-38880.53,177.94,970.87,18252.43,282639.64,2565.0,1922.8048538011667,3340.5839770655425,-5054.47,9.55,63.06,2122.85,28263.96,2565.0,20255.12049902528,34745.10046596539,-43935.0,189.0,1015.5,20000.0,310903.6,2565,2,有效发票,2475,1468.0,31296.836273841895,32926.89787372279,-72358.72,5095.9575,15055.285,55978.185,99881.81,1468.0,3269.773978201624,3478.113811547216,-6690.86,561.0675,1611.3899999999999,5676.32,12984.31,1468.0,34566.609625340585,36355.7930568551,-78871.0,5730.8,16619.3,61337.5,112863.67,1468,2,有效发票,1389
E28,***景观工程有限公司,否,169.0,8139.871065088754,17832.31929076592,15.93,320.75,814.16,8628.32,97087.38,169.0,939.0547928994096,2314.5439789097227,0.0,34.51,87.32,1037.24,15111.11,169.0,9078.925857988166,19816.87845182405,18.48,360.0,888.0,9840.0,104000.0,169,2,有效发票,156,569.0,94158.65811950699,60904.42671645018,0.91,90908.18,91743.12,91743.12,899099.1,569.0,9152.701810193284,6757.919794822046,0.09,8256.88,8256.88,9090.91,98900.9,569.0,103311.35992970121,67624.7233755094,1.0,99999.0,100000.0,100000.0,998000.0,569,2,有效发票,525
E29,***建筑劳务有限公司,是,50.0,3216.8979999999983,20116.50351039308,100.0,172.41,257.515,270.4725,142564.1,50.0,521.4708,3422.3124700340218,3.0,27.59,38.56,41.38,24235.9,50.0,3738.3688,23538.250791321032,103.0,200.0,300.0,310.0,166800.0,50,2,有效发票,48,475.0,96123.93170526355,8832.108599120738,0.0,97087.38,97087.38,97087.38,99902.91,475.0,3843.181515789476,2140.7583926173966,0.0,2912.62,2912.62,2985.44,8917.43,475.0,99967.1132210526,9243.009878117022,0.0,100000.0,100000.0,100000.0,108000.0,475,2,有效发票,469
E30,***建筑工程有限公司,否,754.0,29338.012745358068,43526.83867057577,-2522.52,252.6525,1110.425,80001.72,444444.44,754.0,4258.902851458882,6625.2659798061295,-277.48,19.625,66.2,11446.9,75555.56,754.0,33596.91559681696,49997.63043004515,-2800.0,280.0,1192.0,92375.0,520000.0,754,2,有效发票,740,800.0,95821.45171249978,15352.360309840118,879.61,99999.99,99999.99,99999.99,99999.99,800.0,8909.8311625,2887.957655525682,96.76,9000.0,10000.0,11000.0,11000.0,800.0,104731.28287499942,16941.17807655317,976.37,107003.10750000001,109999.99,110999.99,110999.99,800,2,有效发票,747
E31,***食品有限公司,否,412.0,10813.759660194146,24588.065748300265,-4998.18,120.0625,319.22,6000.0,128974.36,412.0,1580.8315533980565,4005.3856639142155,-299.92,1.36,17.77,357.2675,21925.64,412.0,12394.591213592232,28525.60437494798,-5298.1,126.0,344.0,6835.0,150900.0,412,2,有效发票,404,2608.0,18859.45141871162,25520.39627491625,-9862.07,2567.7524999999996,8051.71,22691.445,99982.3,2608.0,2791.713516104298,3838.474263056097,-1577.93,335.55499999999995,1190.2849999999999,3344.2775,16995.3,2608.0,21651.164934815948,29314.00854875498,-11440.0,2917.25,9310.0,25925.0,116967.7,2608,2,有效发票,2501
E32,***建筑劳务有限公司,否,2826.0,854.7433828733213,3909.971727503523,-9174.75,176.99,265.49,510.195,100000.0,2826.0,68.0672045293707,138.50190630593158,-275.25,20.7325,33.94,58.114999999999995,2912.62,2826.0,922.8105874026902,3980.351824793646,-9450.0,200.0,300.0,567.0,100000.0,2826,2,有效发票,2811,552.0,85702.21085144978,31500.957265610374,-97087.38,97087.38,97087.38,97087.38,97087.38,552.0,2571.53096014495,943.8630036057468,-2912.62,2912.62,2912.62,2912.62,2912.62,552.0,88273.7418115942,32444.795530229996,-100000.0,100000.0,100000.0,100000.0,100000.0,552,2,有效发票,468
E33,***园林有限责任公司,否,1293.0,64421.23649651963,91553.7828586568,-99952.38,4453.3,60000.0,99000.0,949185.71,1293.0,1048.0177571539052,4624.819156861627,-291.18,0.0,29.06,291.26,96449.57,1293.0,65469.25425367367,93687.47569618332,-100000.0,4977.6,60000.0,99725.0,950000.0,1293,2,有效发票,1133,1073.0,76251.85677539687,33576.542284562405,-90090.09,75517.57,90909.09,94339.62,99999.0,1073.0,5245.568900279596,3558.186539524401,-9909.91,2912.62,5660.38,8578.5,9909.91,1073.0,81497.42567567574,35898.64427156536,-100000.0,83250.0,100000.0,100000.0,100000.0,1073,2,有效发票,912
E34,***建设工程有限公司,否,2309.0,25786.944660026067,53492.84138716354,-99541.28,265.49,1698.11,41991.79,898058.25,2309.0,1823.5969467301873,3917.804739077006,-16636.75,15.44,78.48,1697.1,26941.75,2309.0,27610.54160675617,56446.698616593334,-114500.0,300.0,1800.0,45161.22,925000.0,2309,2,有效发票,2071,707.0,134861.13632248956,205896.30704474953,-97087.38,90090.09,97087.38,97087.38,970873.79,707.0,7928.093239038188,15897.390370704159,-2912.62,2912.62,2912.62,8256.88,90909.09,707.0,142789.22956152758,220252.0205517868,-100000.0,100000.0,100000.0,100000.0,1047872.0,707,2,有效发票,596
E35,***商贸有限公司,否,669.0,50437.375351270595,73576.17551956401,-98964.02,9121.62,27027.03,74892.72,730750.46,669.0,5908.537668161441,7967.3428121968,-12865.32,1360.0,3310.34,8463.3,88888.94,669.0,56345.913019431995,81303.82862218012,-111829.34,10400.0,30070.0,83180.0,796518.0,669,2,有效发票,633,770.0,47384.97857142855,36278.54278596326,-9914.53,9914.53,42099.774999999994,86989.8325,99911.5,770.0,4865.61079220779,4347.975098693225,-1685.47,1685.47,2675.08,8493.105,16854.7,770.0,52250.58936363637,39418.75783700215,-11600.0,11600.0,47108.81,94842.265,116000.0,770,2,有效发票,737
E36,***超硬材料有限公司,是,1636.0,12652.008698043968,21776.189188016266,-56562.44,650.5975000000001,4221.24,11515.49,252762.37,1636.0,1841.862683374082,3431.3560987392693,-9615.62,36.5,447.865,1604.1,40441.98,1636.0,14493.871381418092,25159.36899286325,-66178.06,714.8525,4770.0,13050.0,293204.35,1636,2,有效发票,1562,1547.0,24607.88460892043,27704.446022631626,-89957.26,6264.16,13777.93,34504.850000000006,99914.53,1547.0,3459.8378539107935,4285.907695990902,-15292.74,581.2,1782.38,5023.030000000001,16985.47,1547.0,28067.7224628313,31814.788022376553,-105250.0,7183.135,15350.0,39573.630000000005,116900.0,1547,2,有效发票,1429
E37,***木业有限公司,否,618.0,73265.15605177978,60592.23466402409,-44247.79,52320.01,82695.08499999999,91150.44,973467.24,618.0,11124.246343042068,9618.711114653608,-5752.21,8030.34,11705.75,14264.53,155754.76,618.0,84389.40239482197,70106.14132867233,-50000.0,61079.8925,96000.0,104494.4125,1129222.0,618,2,有效发票,592,1273.0,38180.892490180544,36488.25402498059,-85470.09,9743.59,16994.87,76460.18,99999.99,1273.0,5822.441563236441,5575.152627313399,-14529.91,1655.78,2597.68,11034.48,17000.0,1273.0,44003.33405341714,41998.552676168954,-100000.0,11400.0,19623.01,88409.0,116999.99,1273,2,有效发票,1184
E38,***建设工程有限公司,否,991.0,14955.36757820388,73691.02557181384,-6053.12,265.49,506.19,3835.7799999999997,977360.0,991.0,1153.464217961655,6115.695791004112,-363.2,21.3,43.59,269.09000000000003,57393.16,991.0,16108.831796165498,77890.13416135465,-6416.32,300.0,542.0,4070.0,983278.4,991,2,有效发票,958,628.0,86663.70323248455,27583.08852822516,-97087.38,97065.535,97087.38,97087.38,98703.0,628.0,3274.9607643312324,1836.776989132614,-2912.62,2912.62,2912.62,2912.62,9090.91,628.0,89938.66399681532,28270.97021043166,-100000.0,100000.0,100000.0,100000.0,101664.09,628,2,有效发票,552
E39,***建筑劳务有限公司,否,282.0,1244.9268085106378,6109.411998090883,42.25,243.36,307.77,469.33750000000003,64398.06,282.0,81.75212765957446,282.84814736165333,0.0,24.14,36.375,46.0525,3543.36,282.0,1326.6789361702129,6338.333328081099,48.1,270.1125,345.0,497.5,66330.0,282,2,有效发票,279,264.0,122278.3439393941,193516.5601701453,-187163.72,27586.21,80993.59,99145.3,992000.0,264.0,15780.912424242433,22578.41013834703,-24331.28,3200.0,12472.84,16854.7,141760.0,264.0,138059.25636363638,213977.884686418,-211495.0,32000.0,94299.0,116000.0,1081280.0,264,2,有效发票,236
E40,***财税咨询服务有限公司,否,3148.0,1466.7018773824716,6166.020622398976,-9225.66,123.9175,221.36,530.5775,120517.24,3148.0,73.01242693773861,461.2285334153058,-1199.34,5.68,14.545,31.48,19282.76,3148.0,1539.7143043202025,6511.7853568122855,-10425.0,133.0,238.0,555.25,139800.0,3148,2,有效发票,3068,883.0,39887.79348810874,43475.03884161986,-99969.29,9819.34,29366.67,87195.62,99982.53,883.0,932.7975311438277,1885.0478941248332,-5660.38,76.19,216.64,1132.08,5660.38,883.0,40820.591019252555,44574.52711072529,-100000.0,10348.1,29400.0,90000.0,100000.0,883,2,有效发票,800
E41,***物业发展有限公司,否,2033.0,2736.92699458928,8784.739672757163,-95145.63,176.7,531.07,2911.0,213550.44,2033.0,159.29311854402386,785.0420279375875,-2854.37,6.79,23.01,104.45,27761.56,2033.0,2896.2201131333018,9429.05009634027,-98000.0,200.0,570.0,3022.0,241312.0,2033,2,有效发票,1968,663.0,53911.07722473605,36383.31583451461,-96836.18,31620.17,64366.45,80825.24,99891.82,663.0,1283.9905731523374,1787.7874575412097,-5660.38,94.6,538.16,1948.98,5660.38,663.0,55195.06779788835,37401.29540099614,-100000.0,33517.38,66528.0,83250.0,100000.0,663,2,有效发票,605
E42,***园艺场,否,47.0,221.821914893617,185.969755309114,70.8,99.56,176.99,274.34,1003.54,47.0,28.582340425531918,24.310396256385054,9.2,12.075,23.01,35.66,130.46,47.0,250.40425531914894,210.22551654731538,80.0,112.5,200.0,310.0,1134.0,47,1,有效发票,47,327.0,89700.64954128438,30926.462457625574,-99000.0,98000.0,99700.0,99972.845,99999.9,327.0,0.0,0.0,0.0,0.0,0.0,0.0,0.0,327.0,89700.64954128438,30926.462457625574,-99000.0,98000.0,99700.0,99972.845,99999.9,327,2,有效发票,294
E43,***建设工程有限公司,否,78.0,54230.08525641026,111822.84694354657,-8495.58,2473.1125,8495.58,86206.9,775862.07,78.0,8545.937179487179,18065.833065052957,-1104.42,202.6375,1151.5700000000002,13793.1,124137.93,78.0,62776.02243589744,129854.97309237802,-9600.0,2675.75,9600.0,100000.0,900000.0,78,2,有效发票,68,245.0,86024.3419591838,33476.10443710391,-99999.99,91743.12,99099.0,99099.0,99999.99,245.0,6318.644081632634,3541.600058607455,-3000.0,3000.0,8256.88,9900.0,9909.9,245.0,92342.9860408163,35570.851012014886,-102999.99,100000.0,102999.99,108900.0,109008.9,245,2,有效发票,214
E44,***商贸有限公司,否,1248.0,24294.614078525614,52437.557845365074,-90884.96,287.38,5669.22,27052.059999999998,683760.68,1248.0,3661.9056490384646,8075.956822012248,-11815.04,14.0775,784.37,4138.8525,116239.32,1248.0,27956.519727564108,60453.269484969474,-102700.0,300.0,6505.0,31500.0,800000.0,1248,2,有效发票,1222,2435.0,14289.449950718748,20700.77840853102,-9997.44,9953.98,9988.06,9998.29,99998.78,2435.0,2129.670205338816,2834.416144009683,-1699.03,1586.9499999999998,1599.6,1698.62,15999.8,2435.0,16419.120156057495,23506.325387057463,-11693.32,11454.67,11596.67,11690.494999999999,115998.58,2435,2,有效发票,2242
E45,个体经营E45,是,600.0,40095.36985000005,56576.50304096537,85.47,306.07,644.5250000000001,89606.5,466019.47,600.0,5179.6190000000015,6305.171910772616,0.0,29.06,72.475,12532.415,34513.27,600.0,45274.98885,62079.33528387157,100.0,345.25,703.0,101400.0,480000.05,600,2,有效发票,592,325.0,80674.51907692295,34328.39471495514,-86206.9,75929.2,97435.9,99778.76,99973.45,325.0,11233.932061538468,4912.08384997277,-13793.1,11232.46,12928.5,12983.89,16985.47,325.0,91908.45113846156,39051.18764728213,-100000.0,87990.0,111300.0,112800.0,116900.0,325,2,有效发票,305
E46,***广告传媒有限公司,否,2544.0,20404.259724842777,43286.44711501014,-94339.62,256.41,969.9,9914.53,924679.65,2544.0,1270.2106996855193,3309.4796100938693,-5660.38,27.58,66.21,887.0425,120208.35,2544.0,21674.470424528285,46360.95701239033,-100000.0,287.0,1000.0,11600.0,1044888.0,2544,2,有效发票,2492,974.0,65547.982176591,41459.399277293574,-94339.62,38561.3225,94339.62,94339.62,99056.6,974.0,3983.588480492765,2557.778141429206,-5660.38,2313.6775,5660.38,5660.38,10191.54,974.0,69531.5706570842,43965.8311743759,-100000.0,40875.0,100000.0,100000.0,105000.0,974,2,有效发票,889
E47,***控制设备有限责任公司,否,2905.0,15104.949841652313,38458.24633807004,-35367.76,356.31,2794.3,10377.36,839295.84,2905.0,2397.2225060240894,6227.79989913575,-6012.51,29.13,404.96,1661.92,142680.5,2905.0,17502.172347676395,44660.49825669982,-41380.27,400.0,3200.0,11996.54,981976.34,2905,2,有效发票,2811,3518.0,15003.028044343408,22362.224059675456,-98623.08,1566.3600000000001,5103.115,17946.530000000002,99998.79,3518.0,2407.6946191017623,3621.8541871848724,-16765.92,247.315,818.8599999999999,2810.48,16999.78,3518.0,17410.722663445158,25965.581453476185,-115389.0,1803.75,5931.25,20807.25,116998.57,3518,2,有效发票,3356
E48,***化工有限公司,否,1235.0,10553.839433198375,22857.818852017637,-34188.03,146.815,299.03,6061.95,99995.69,1235.0,1485.7115384615379,3368.3301903353236,-5811.97,6.785,27.59,824.0699999999999,16732.5,1235.0,12039.550971659924,26198.83532098203,-40000.0,155.75,328.0,6850.0,115995.0,1235,2,有效发票,1210,1016.0,52151.51625000001,29303.48707798133,-16247.79,27087.177499999998,53987.61,80096.205,99575.22,1016.0,7621.469832677163,4254.188369486241,-2112.21,4025.9700000000003,8024.28,11456.1,15382.07,1016.0,59772.98608267716,33454.32210792815,-18360.0,31314.0,62082.5,92747.5,112520.0,1016,2,有效发票,960
E49,***地球环保科技有限公司,否,3615.0,7540.43494329181,21493.62014164504,-11794.87,170.94,349.51,3139.6850000000004,224629.4,3615.0,376.88067219917207,1657.445581390482,-2005.13,11.51,33.96,109.18,38187.0,3615.0,7917.315615490999,22489.797254034824,-13800.0,190.03,389.0,3345.0,262816.4,3615,2,有效发票,3518,513.0,80494.47276803099,34340.88088693214,-83846.15,94339.62,94339.62,94339.62,94339.62,513.0,5060.753372319633,3364.43760389634,-14253.85,5660.38,5660.38,5660.38,14253.85,513.0,85555.22614035089,37098.35531687852,-98100.0,100000.0,100000.0,100000.0,100000.0,513,2,有效发票,461
E50,***建筑劳务有限公司,否,197.0,13674.404365482233,96604.15106866554,-10265.49,188.35,318.45,884.96,954353.98,197.0,1560.2925380710658,12516.6554781055,-1334.51,14.27,34.51,66.9,124066.02,197.0,15234.696903553302,109082.97780257053,-11600.0,200.0,355.0,960.0,1078420.0,197,2,有效发票,186,285.0,74709.50571929838,49337.19442952984,-97087.38,91743.12,97087.38,97087.38,97087.38,285.0,3881.9408070175396,3121.462638456871,-2912.62,2912.62,2912.62,8256.88,9090.91,285.0,78591.44652631579,51328.51353339747,-100000.0,100000.0,100000.0,100000.0,100000.0,285,2,有效发票,255
E51,***物流有限公司,否,453.0,45380.231501103706,52146.22348320434,-47169.81,5874.84,32072.07,90909.09,761061.95,453.0,4845.578432671081,6186.937365818024,-3116.87,521.24,3527.93,8999.82,98938.05,453.0,50225.80993377483,58195.93247954454,-50000.0,6814.81,35600.0,100000.0,860000.0,453,2,有效发票,451,895.0,32803.669229050356,32449.948953578176,-90909.09,7651.1900000000005,18589.09,51938.565,98108.11,895.0,3224.577530726245,3198.13596141391,-9090.91,756.095,1895.47,5011.49,10791.89,895.0,36028.246759776535,35628.65376487207,-100000.0,8377.295,20448.0,57416.5,108900.0,895,2,有效发票,834
E52,***商贸有限公司,是,425.0,39984.825364705954,107099.9914500755,-15044.25,326.55,8135.92,60344.83,881415.93,425.0,5236.40414117648,14432.867160545124,-1955.75,26.35,782.31,6643.81,121066.89,425.0,45221.22950588235,121439.93464889147,-17000.0,354.0,8380.0,70000.0,996000.0,425,2,有效发票,409,379.0,58061.2206068602,37298.56465880663,-47008.55,15411.029999999999,78773.58,90070.8,99137.93,379.0,7827.110606860156,5241.894911564431,-7991.45,2362.76,10482.76,11709.2,15895.0,379.0,65888.33121372027,42218.142157243536,-55000.0,17876.8,91000.0,101780.0,115000.0,379,2,有效发票,286
E53,***文化传媒有限公司,否,630.0,55134.79728571422,40801.66187080456,-70509.15,9433.96,61311.05,94339.62,235384.62,630.0,3925.6645396825147,3641.246890955126,-4230.55,566.04,5163.34,5660.38,40015.38,630.0,59060.46182539681,43921.34265350125,-74739.7,10000.0,65083.33,100000.0,275400.0,630,2,有效发票,599,454.0,88620.7133259911,104075.28990689394,-94339.62,77667.4525,94339.62,94339.62,943396.23,454.0,5317.244779735633,6244.517315804836,-5660.38,4660.0475,5660.38,5660.38,56603.77,454.0,93937.95810572688,110319.80722269844,-100000.0,82327.5,100000.0,100000.0,1000000.0,454,2,有效发票,396
E54,***新技术开发有限公司,否,1644.0,5356.474233576655,15851.832465052192,-94339.62,170.87,384.045,3921.2650000000003,104761.9,1644.0,425.2166484184926,1511.9065838163137,-5660.38,5.7924999999999995,27.59,218.45,15766.78,1644.0,5781.690881995137,16976.322047176993,-100000.0,180.75,400.0,4392.2425,114309.12,1644,2,有效发票,1555,3501.0,10629.316312482015,21227.756700348225,-36974.36,1238.94,2358.49,8254.72,99145.3,3501.0,1216.2586432447831,2796.471330908626,-6285.64,84.91,213.52,726.5,16854.7,3501.0,11845.574955726937,23757.84181201513,-43260.0,1400.0,2600.0,8750.0,116000.0,3501,2,有效发票,3215
E55,***集团有限公司***电力设备分公司,否,823.0,14030.24568651275,41864.1857966041,-73410.35,568.395,1951.3,10034.49,724137.93,823.0,985.420753341434,4666.194039440953,-11745.65,13.98,108.68,507.755,115862.07,823.0,15015.666439854185,45885.42885321011,-85156.0,600.0,2106.0,11552.32,840000.0,823,2,有效发票,752,590.0,44099.59828813565,66646.35571846185,-99900.0,0.0,86145.3,99900.0,99905.66,590.0,4049.6767627118643,7619.11591238648,-16794.84,0.0,4995.0,5994.34,16920.09,590.0,48149.27505084743,73165.62772523813,-115588.0,0.0,95400.0,105525.0,116450.0,590,2,有效发票,443
E56,***家居材料***有限公司,否,1201.0,23035.974071607,57664.41920077006,-92309.73,101.89,943.4,9982.91,760475.0,1201.0,3410.9329641965005,8735.420650137654,-12308.28,3.99,45.05,1685.47,121676.0,1201.0,26446.907035803502,66345.12650279583,-104310.0,107.0,996.0,11635.0,882151.0,1201,2,有效发票,1152,495.0,56794.27662626274,33005.7648651103,-93879.31,28351.6,68507.08,85357.765,99230.77,495.0,8395.933737373747,4888.911501573105,-15020.69,4301.389999999999,9441.97,11504.43,16869.23,495.0,65190.21036363635,37778.956580442245,-108900.0,32835.0,77800.0,97520.0,116100.0,495,2,有效发票,458
E57,***机械设备有限公司,否,130.0,223367.83399999992,530374.0591097177,88.5,430.3425,8552.785,94436.4725,2996234.48,130.0,31575.785615384604,71281.21933938259,0.0,16.1525,527.27,15024.935,389510.48,130.0,254943.61961538464,601349.924563924,100.0,443.25,9550.0,104700.0,3385744.96,130,2,有效发票,122,438.0,83117.03045662098,30981.720107024288,-83867.52,84401.71,90961.54,95798.23,97643.81,438.0,12358.133561643852,4891.110854866919,-14257.48,12436.28,13066.93,14513.06,16494.36,438.0,95475.16401826481,35634.65186964677,-98125.0,98125.0,106425.0,109620.0,113520.0,438,2,有效发票,386
E58,***油气工程建设有限责任公司,否,1352.0,5651.008054733754,34267.74025228971,-9708.74,170.94,258.62,497.5875,889704.04,1352.0,346.79422337278197,1587.8280196898543,-291.26,8.16,27.59,45.5125,16843.08,1352.0,5997.802278106508,34973.50602874318,-10000.0,186.5,300.0,548.875,890340.0,1352,2,有效发票,1313,388.0,79933.38804123735,30378.204245048055,-97087.38,81963.64,91743.12,97087.38,99082.57,388.0,5406.301958762868,3159.096727933654,-5490.0,2766.99,5660.38,8486.845,9908.11,388.0,85339.69000000003,32410.960591861836,-100000.0,88000.0,100000.0,100000.0,108989.23,388,2,有效发票,284
E59,***商贸有限公司,否,549.0,35190.798998178456,34258.97063926133,-6223.29,398.22,29666.55,65197.22,99274.49,549.0,5552.543770491786,5495.003345864745,-186.71,43.95,4589.19,10235.11,16876.66,549.0,40743.342768670365,39714.57501194958,-6410.0,450.0,34413.2,75545.85,116151.15,549,2,有效发票,532,2149.0,13131.818054909303,16648.637820971486,-9995.7,9995.51,9997.33,9999.0,99999.46,2149.0,2066.079660307127,2399.559446352039,-1699.27,1599.43,1599.93,1699.63,15999.92,2149.0,15197.89771521639,19029.6005284408,-11694.97,11595.3,11599.5,11697.43,115999.38,2149,2,有效发票,2067
E60,***机械租赁有限公司,否,538.0,8952.256263940526,25159.613652726362,52.43,275.86,453.28999999999996,3961.5375,190689.66,538.0,1262.4789962825264,4102.701166413769,0.0,16.2325,44.14,84.58250000000001,30510.34,538.0,10214.735260223051,29242.42284410147,54.0,311.25,510.0,4499.75,221200.0,538,2,有效发票,530,513.0,23054.530136452377,30085.51400177017,-72062.14,9708.74,9708.74,9708.74,97203.88,513.0,692.3879922027315,902.2180677329677,-2161.86,291.26,291.26,291.26,2916.12,513.0,23746.918128654972,30987.679749600422,-74224.0,10000.0,10000.0,10000.0,100120.0,513,2,有效发票,424
E61,***调味品有限公司,否,212.0,3961.5231603773564,7727.05481054225,-53656.55,416.4175,1134.69,5924.13,53656.55,212.0,486.2164622641508,1173.8798885892652,-8585.05,47.34,133.945,681.69,8585.05,212.0,4447.739622641509,8875.030453583895,-62241.6,449.5875,1282.2,6508.75,62241.6,212,2,有效发票,209,1992.0,8681.241044176713,3382.613392610725,-9960.0,8974.36,9116.0,9446.91,93600.0,1992.0,923.2397791164634,685.0900587004165,0.0,0.0,1419.57,1507.435,1685.47,1992.0,9604.480823293172,3509.600967705566,-9960.0,9636.0,10431.2,10500.0,93600.0,1992,2,有效发票,1955
E62,***工程造价咨询有限公司***分公司,否,530.0,2317.0404150943377,11259.74895515698,10.38,142.5325,252.63,458.72,97087.38,530.0,135.018037735849,642.8290476004216,0.0,7.57,22.475,41.355000000000004,8770.25,530.0,2452.0584528301893,11751.153989049408,11.0,154.0,276.5,500.0,100000.0,530,2,有效发票,527,219.0,51308.27698630139,52924.81502006706,-94338.68,21389.449999999997,84905.66,93396.23,94338.68,219.0,3078.496347031963,3175.488686161089,-5660.32,1283.3649999999998,5094.34,5603.77,5660.32,219.0,54386.77333333334,56100.30370622759,-99999.0,22672.815000000002,90000.0,99000.0,99999.0,219,2,有效发票,191
E63,***科技有限公司,否,1573.0,23041.314672600096,41195.37402130684,-93820.09,165.05,672.41,49549.55,470405.66,1573.0,2496.944901462174,4449.817068750088,-9382.01,8.74,43.7,4935.88,28224.34,1573.0,25538.259574062296,45541.3376033767,-103202.1,178.0,730.0,55000.0,498630.0,1573,2,有效发票,1526,673.0,74259.96222882609,29139.294950435837,-90399.57,55741.38,88888.21,94443.72,99999.23,673.0,12399.148736998537,4985.611667205001,-15367.93,8965.52,14529.91,15808.55,16999.87,673.0,86659.11096582469,34031.89633274138,-105767.5,65000.0,103999.2,110000.0,116999.1,673,2,有效发票,625
E64,***图书有限责任公司,否,32.0,2717.3487499999997,6180.809690714529,76.7,281.21999999999997,327.365,1287.975,25097.14,32.0,114.96531249999998,274.68993275097995,2.3,9.0825,17.8,77.275,1254.86,32.0,2832.3140625,6451.8467247412145,79.0,293.0,342.0,1365.25,26352.0,32,1,有效发票,32,1375.0,6804.933614545458,3705.8987053809633,0.0,2382.5,9072.73,9980.0,9999.58,1375.0,45.28039272727271,190.6090720930767,0.0,0.0,0.0,0.0,998.0,1375.0,6850.2140072727325,3728.521949708806,0.0,2385.0,9337.06,9980.0,10978.0,1375,2,有效发票,1283
E65,***商贸有限公司,否,587.0,8032.010238500921,22785.792705753876,86.2,172.41,176.99,266.365,99995.3,587.0,825.085315161847,2386.1708350737804,0.0,23.01,27.59,34.51,12998.54,587.0,8857.095553662693,25150.919436767137,100.0,200.0,200.0,300.0,112987.3,587,2,有效发票,579,485.0,16962.095443298964,21927.630037347117,-17614.68,3537.74,8516.04,20815.77,98630.03,485.0,1651.898103092784,2290.776164386018,-1585.32,320.94,696.23,1922.02,11489.48,485.0,18613.993546391775,24192.93086284839,-19200.0,3877.0,9200.0,22693.16,108493.04,485,2,有效发票,455
E66,***快递有限公司,否,577.0,8901.801299826708,25236.08675836315,-1238.05,172.41,344.83,689.66,99998.0,577.0,554.9722010398627,1493.8119866997395,-160.95,29.06,55.17,110.34,5999.88,577.0,9456.773500866548,26728.47704412673,-1399.0,200.0,400.0,800.0,105997.88,577,2,有效发票,575,679.0,7669.411782032402,17513.077984116622,-8490.57,426.345,1676.7,5774.16,99998.0,679.0,433.49036818851226,1055.797008090678,-509.43,16.08,77.89,262.14,5999.88,679.0,8102.902150220913,18567.214354931475,-9000.0,443.0,1730.0,6055.35,105997.88,679,2,有效发票,628
E67,***信息技术有限公司,否,647.0,2020.0785007727955,3321.92449099632,-3982.3,194.43,314.65,1650.22,20368.87,647.0,107.29483771251947,189.76775417765637,-517.7,10.35,33.36,107.57,1409.29,647.0,2127.3733384853153,3456.559596021585,-4500.0,206.5,350.0,1825.0,20400.0,647,2,有效发票,627,215.0,29205.499860465115,34926.164216141195,-97087.38,9708.74,9708.74,47766.990000000005,97087.38,215.0,880.221069767441,1047.2277828996364,-2912.62,291.26,291.26,1433.01,2912.62,215.0,30085.720930232557,35972.705712223076,-100000.0,10000.0,10000.0,49200.0,100000.0,215,2,有效发票,192
E68,***花木总公司,否,3.0,232.7033333333333,54.46722439534928,169.81,216.98,264.15,264.15,264.15,3.0,13.963333333333333,3.2678025236132817,10.19,13.02,15.85,15.85,15.85,3.0,246.66666666666666,57.735026918962575,180.0,230.0,280.0,280.0,280.0,3,1,有效发票,3,73.0,88375.34465753427,22608.527168292185,10400.0,94430.0,99127.82,99750.0,99987.0,73.0,1357.2332876712326,2287.0273372965657,0.0,0.0,0.0,2254.5,9819.11,73.0,89732.57794520548,23195.341954277334,10400.0,95850.0,99750.0,101400.0,108010.17,73,2,有效发票,65
E69,***电子器材经营部,否,1.0,3155.34,,3155.34,3155.34,3155.34,3155.34,3155.34,1.0,94.66,,94.66,94.66,94.66,94.66,94.66,1.0,3250.0,,3250.0,3250.0,3250.0,3250.0,3250.0,1,1,有效发票,1,587.0,6932.3644122657615,5113.358146540285,-9997.09,6881.07,9174.76,9869.654999999999,9999.99,587.0,207.97093696763193,153.40067568068673,-299.91,206.425,275.24,296.095,300.01,587.0,7140.335349233386,5266.758822120128,-10297.0,7087.5,9450.0,10165.75,10300.0,587,2,有效发票,523
E70,***科技有限公司,否,1829.0,3116.5902296336835,10993.99237976156,-9200.0,106.44,256.03,1327.19,263922.42,1829.0,440.33551667577956,1697.9801063901928,-276.0,13.75,30.2,157.33,42227.58,1829.0,3556.9257463094705,12648.22782401104,-9476.0,121.0,288.9,1500.0,306150.0,1829,2,有效发票,1787,578.0,19072.33290657437,23972.057790975156,-40814.14,4227.087500000001,9859.42,24237.3475,99863.25,578.0,2847.109775086501,3641.739980990641,-6193.82,656.3050000000001,1538.28,3713.8525,16976.75,578.0,21919.442681660905,27464.780020791928,-46120.0,4811.125,11287.6,28250.0,116840.0,578,2,有效发票,469
E71,***农业科技有限公司,否,1259.0,9380.199714058774,28973.01011744716,-99974.0,145.63,243.4,1239.8400000000001,188888.0,1259.0,97.34604447974586,474.1470058141212,-2912.62,2.81,9.62,31.465,4761.9,1259.0,9477.545758538523,29141.860728595948,-100000.0,150.0,270.0,1276.0,188888.0,1259,2,有效发票,1205,375.0,34020.037653333326,32581.405804885933,-37413.2,10000.0,20000.0,48495.0,99999.0,375.0,1.592,23.34916183268192,0.0,0.0,0.0,0.0,438.0,375.0,34021.62965333333,32580.307778691265,-37413.2,10000.0,20000.0,48495.0,99999.0,375,2,有效发票,359
E72,***图书有限公司,否,117.0,12103.162820512816,66239.04498065816,-291709.43,256.73,362.07,654.72,347062.17,117.0,1132.5873504273504,5596.852576520343,-17502.57,9.84,29.83,58.12,31235.63,117.0,13235.750170940171,71599.52475475977,-309212.0,268.0,400.0,685.0,378297.8,117,2,有效发票,114,248.0,17851.084032258063,32796.45913786751,0.0,0.0,8541.98,9433.96,99990.0,248.0,336.8625403225807,888.2248900954189,0.0,0.0,0.0,566.04,5943.4,248.0,18187.946572580648,33081.97714600111,0.0,0.0,8825.0,10000.0,105000.0,248,2,有效发票,176
E73,***商贸有限责任公司,否,606.0,1303.32392739274,3150.4345383613763,-10344.83,176.99,306.70000000000005,1000.0,25641.03,606.0,133.60422442244186,488.47642529339527,-1655.17,10.19,23.365000000000002,70.1175,4358.97,606.0,1436.9281518151815,3619.173154887924,-12000.0,200.0,340.0,1015.75,30000.0,606,2,有效发票,600,236.0,27754.07360169491,34297.192990595504,-97345.13,3443.1975,13493.59,56875.0,99419.83,236.0,4469.405974576275,5473.356481140827,-12654.87,510.99499999999995,1814.25,9330.0575,16802.39,236.0,32223.47957627118,39733.83040343703,-110000.0,4000.0,15525.0,65975.0,115640.0,236,2,有效发票,223
E74,***蔬菜专业合作社,否,19.0,17739.45842105263,21542.29941573097,220.39,3207.765,9990.0,19895.0,64800.0,19.0,13.962631578947367,40.06080958882734,0.0,0.0,0.0,11.23,174.76,19.0,17753.42105263158,21532.899338546507,227.0,3304.0,9990.0,19895.0,64800.0,19,1,有效发票,19,555.0,7770.152072072067,3199.981034719341,-9900.0,6687.0,9000.0,9900.0,9990.0,555.0,0.0,0.0,0.0,0.0,0.0,0.0,0.0,555.0,7770.152072072067,3199.981034719341,-9900.0,6687.0,9000.0,9900.0,9990.0,555,2,有效发票,512
E75,***酒店管理有限公司,否,552.0,4694.829583333331,12911.847874225974,-3495.15,180.0,256.65,2278.7400000000002,105440.77,552.0,302.7795652173911,1026.996878959681,-104.85,0.0,28.54,115.405,8975.53,552.0,4997.609148550726,13668.823647710391,-3600.0,180.0,281.0,2500.0,111451.03,552,2,有效发票,538,8655.0,818.7633957249989,1679.5009024528958,-776.7,174.76,274.76,607.77,9708.74,8655.0,24.564264586943878,50.38477272127031,-23.3,5.24,8.24,18.29,291.26,8655.0,843.3276603119582,1729.885541065876,-800.0,180.0,283.0,626.0,10000.0,8655,2,有效发票,8064
E76,***信息科技有限公司,否,350.0,2498.277657142858,8790.217937927091,-4438.05,171.4725,332.4,951.49,99811.32,350.0,180.32408571428553,766.3872053438641,-684.0,9.565000000000001,27.58,68.625,9989.19,350.0,2678.6017428571436,9521.683205186651,-5015.0,184.25,369.0,1000.0,105800.0,350,2,有效发票,346,245.0,17515.63955102046,26994.022114080322,-7358.49,2358.49,3773.58,18490.57,99056.6,245.0,1150.1473877551032,1937.2168469826277,-441.51,141.51,232.08,1109.43,10786.78,245.0,18665.786938775513,28819.783028309655,-7800.0,2500.0,4000.0,19600.0,105000.0,245,2,有效发票,223
E77,***机电设备有限公司,否,54.0,13908.896481481483,26517.440390916676,145.63,283.34,540.94,9369.047499999999,93241.85,54.0,1086.936851851852,2187.6341437759725,4.37,38.964999999999996,80.41499999999999,810.3050000000001,9484.96,54.0,14995.833333333334,28612.067703898174,150.0,315.0,622.5,10000.0,100000.0,54,2,有效发票,53,258.0,17438.34697674423,25474.004884884816,-9669.65,9347.62,9347.62,9347.62,93476.19,258.0,871.9165503875976,1283.2592356491007,-1643.85,467.38,467.38,467.38,4673.81,258.0,18310.263527131785,26752.315469887548,-11313.5,9815.0,9815.0,9815.0,98150.0,258,2,有效发票,252
E78,个体经营E78,否,52.0,61914.35153846153,56713.04113900485,169.81,4222.8575,61485.66,85470.09,230394.02,52.0,10181.198846153846,9776.75962934383,0.0,550.2225,8929.655,14529.91,39166.98,52.0,72095.55038461539,66471.04592711467,180.0,4726.1925,70403.5,100000.0,269561.0,52,1,有效发票,52,268.0,37700.10093283582,30353.87465863055,490.57,11375.092499999999,29265.190000000002,58072.8,99554.27,268.0,3178.069402985076,2481.6409142322345,29.43,1129.7424999999998,2610.7650000000003,4954.95,10950.97,268.0,40878.170335820905,32585.22915735647,520.0,12567.5,32437.0,61767.8775,110505.24,268,2,有效发票,248
E79,***鞋业有限公司,否,154.0,19002.496753246745,26369.650939675354,9.52,424.7725,2716.92,36835.335,82035.85,154.0,2584.857662337662,3898.420702748155,0.0,27.41,91.0,4545.0025,12993.71,154.0,21587.354415584417,30031.843863957583,10.0,465.75,2900.0,42110.292499999996,90335.04,154,2,有效发票,152,86.0,42204.557325581416,35791.88026617926,1920.95,9523.81,26021.1,79523.81,99000.0,86.0,2615.746046511627,2128.204446335693,96.05,476.19,2380.95,4761.9,11503.27,86.0,44820.30337209302,37553.292959391976,2017.0,10000.0,28744.0,83500.0,103950.0,86,2,有效发票,74
E80,***实业有限责任公司,否,395.0,6241.495797468357,61670.37940773092,2.59,172.41,258.62,311.18,952380.95,395.0,348.4680759493679,3325.928218202615,0.0,7.135,27.59,42.825,47619.05,395.0,6589.963873417721,64980.63171744743,3.0,198.0,300.0,350.0,1000000.0,395,2,有效发票,390,48.0,77241.26937499997,20231.235403925177,2455.99,78327.53,86414.29,89084.67,93538.9,48.0,3539.0539583333316,1074.825101740188,147.36,2612.395,3951.99,4454.23,4676.95,48.0,80780.32333333335,21085.369539441454,2603.35,82243.9025,89503.36,93538.9,98215.85,48,2,有效发票,47
E81,***机械设备有限公司,否,211.0,9716.287535545027,18170.57644234485,-62629.21,265.49,2433.63,9132.904999999999,81126.55,211.0,1460.1889099526072,2700.161776519757,-8141.79,23.125,334.19,1452.99,12522.2,211.0,11176.476445497632,20832.29697727902,-70771.0,300.0,2800.0,10640.0,91673.0,211,2,有效发票,205,649.0,5523.196224961477,2682.3154033577407,-5120.69,3336.28,6114.53,8119.66,9137.93,649.0,867.3074576271183,429.2691606365626,-819.31,517.24,953.89,1244.13,1462.07,649.0,6390.503682588598,3101.593417332495,-5940.0,3890.0,7080.0,9432.5,10600.0,649,2,有效发票,609
E82,***商贸有限公司,是,315.0,4910.843301587307,9228.735900705642,-180.51,134.325,270.93,6965.405000000001,94171.1,315.0,730.452952380954,1445.4877618285227,-23.46,10.65,35.17,852.585,15067.39,315.0,5641.29625396825,10644.983774119955,-203.97,142.79500000000002,305.0,7730.5,109238.49,315,2,有效发票,311,343.0,8775.24903790087,2092.700707444461,-9707.97,8805.345000000001,9544.89,9776.94,9997.45,343.0,1403.5300000000002,350.1485893485893,-1262.03,1256.48,1538.6,1601.185,1699.55,343.0,10178.779037900871,2426.3001359592945,-10970.0,10196.55,11054.0,11385.0,11697.0,343,2,有效发票,335
E83,***社会福利院（***社会福利社会化服务中心）,否,2890.0,13237.488868512175,28033.575779624345,-32427.24,1418.9975,7053.02,9708.74,576013.94,2890.0,1013.7637820069045,2614.829693653439,-5188.36,69.9,291.23,862.6575,51841.26,2890.0,14251.252650519044,30472.773926980575,-37615.6,1558.8000000000002,7758.2,10000.0,627855.2,2890,2,有效发票,2699,706.0,5129.380184136029,2977.290704633035,-5262.14,1941.75,5242.72,7766.99,9707.77,706.0,153.881048158639,89.31949493767287,-157.86,58.25,157.28,233.01,291.23,706.0,5283.261232294618,3066.6101995362437,-5420.0,2000.0,5400.0,8000.0,9999.0,706,2,有效发票,649
E84,***建材有限公司,否,54.0,26636.934444444447,38156.424585188375,169.81,7260.1275,9823.01,34948.947499999995,194700.85,54.0,4156.836851851851,6381.767153260693,10.19,1053.415,1379.31,4731.030000000001,33099.15,54.0,30793.771296296298,44509.46674563101,180.0,8494.345,11100.0,40367.5,227800.0,54,2,有效发票,53,498.0,11246.543775100412,14070.925251708519,-41229.74,8508.4375,9206.9,9778.76,99914.53,498.0,1748.6686546184708,2397.958196383836,-6596.76,1183.86,1281.55,1568.97,16985.47,498.0,12995.212429718844,16462.784404241294,-47826.5,9750.0,10560.0,11340.0,116900.0,498,2,有效发票,445
E85,***安防科技有限公司,否,229.0,1799.556637554584,9428.975891247741,-343.72,129.31,195.58,433.63,95242.72,229.0,104.42336244541457,546.8649295578493,-54.99,15.87,23.01,39.35,7241.38,229.0,1903.98,9836.389114591297,-398.71,150.0,221.0,460.0,98100.0,229,2,有效发票,228,293.0,10342.031296928335,17030.33681153429,9.16,2793.84,8446.6,9611.65,97086.41,293.0,310.9045392491465,510.99386890158445,0.27,83.82,253.4,288.35,2912.59,293.0,10652.935836177474,17541.21537401413,9.43,2877.66,8700.0,9900.0,99999.0,293,2,有效发票,247
E86,***地质工程勘察院***分院,否,138.0,12700.841376811584,29735.50538857677,-1857.52,104.2775,181.815,7512.135,99857.14,138.0,72.95268115942031,140.3934058620534,-241.48,5.51,20.91,101.7975,1019.42,138.0,12773.794057971014,29778.321033451197,-2099.0,119.44749999999999,210.9,7737.5,100000.0,138,2,有效发票,137,22.0,191043.74045454545,441050.7513975099,-742718.45,-29368.9325,97087.38,410085.44,977281.55,22.0,5731.312272727272,13231.521558476124,-22281.55,-881.0675,2912.62,12302.56,29318.45,22.0,196775.05272727273,454282.27295598574,-765000.0,-30250.0,100000.0,422388.0,1006600.0,22,2,有效发票,19
E87,***实业有限责任公司,是,379.0,4296.824960422156,12071.621853198889,12.3,176.99,374.76,4976.415,120000.0,379.0,447.898284960423,1669.1594911796767,0.0,12.625,27.59,258.195,16004.55,379.0,4744.7232453825845,13450.281960622084,13.9,200.0,400.0,5250.0,120000.0,379,2,有效发票,371,74.0,55444.648918918916,35890.34727400871,684.46,13581.57,66828.48,92201.65,99588.65,74.0,5812.199594594594,6585.492826115212,20.54,539.755,2184.47,12597.182499999999,16930.08,74.0,61256.84851351353,40981.25283337685,705.0,14553.2,69000.0,97150.0,116518.73,74,2,有效发票,71
E88,***贸易有限公司,否,214.0,3028.3600934579435,3388.2462142001,30.77,224.95499999999998,1273.545,4716.98,16037.74,214.0,165.37102803738304,172.0238132600124,1.75,27.58,127.22,283.02,962.26,214.0,3193.7311214953274,3526.1716566140963,36.0,257.5,1429.5,5000.0,17000.0,214,1,有效发票,214,400.0,6969.866675000006,3035.6958977203703,-8841.63,5153.834999999999,8566.37,8976.7,9708.74,400.0,526.183150000001,414.7542914422366,-265.25,234.10750000000002,288.35,1044.79,1181.73,400.0,7496.049825000004,3237.5024698864727,-9106.88,5400.0,9100.0,9870.0,10272.0,400,2,有效发票,364
E89,***物资有限公司,否,65.0,41349.26338461545,48639.83686495652,88.5,264.15,754.72,99495.24,99495.24,65.0,2088.3164615384617,2416.271745199248,7.86,23.01,79.19,4974.76,4974.76,65.0,43437.57984615384,51055.244598844765,100.0,280.0,800.0,104470.0,104470.0,65,2,有效发票,63,172.0,11457.185639534882,14438.761539135909,914.53,8547.01,8849.56,9734.51,86206.9,172.0,1816.9199418604646,2401.7149948614033,155.47,1150.44,1379.31,1540.17,14529.91,172.0,13274.10558139535,16836.706163146697,1070.0,10000.0,10000.0,11000.0,100000.0,172,2,有效发票,165
E90,***文化传媒有限责任公司,否,139.0,5470.047410071944,10520.642594956451,63.1,387.265,1386.79,9171.84,77013.0,139.0,198.12935251798544,416.11527312319294,5.16,27.91,83.21,279.61,3840.91,139.0,5668.176762589927,10909.201457628287,73.2,405.0,1470.0,9447.0,79323.39,139,2,有效发票,135,261.0,17469.472413793108,29444.27373570333,-94339.62,1509.43,4528.3,15926.42,98700.0,261.0,1047.7849042145594,1766.8659886863584,-5660.38,90.57,271.7,955.58,5922.0,261.0,18517.257318007658,31211.13382419266,-100000.0,1600.0,4800.0,16882.0,104622.0,261,2,有效发票,187
E91,***科技实业有限公司,否,177.0,7937.872146892652,9786.90445536679,-15517.24,1982.76,5149.57,9734.51,61538.46,177.0,1187.450903954802,1633.1905700757657,-2482.76,165.52,690.27,1409.4,10461.54,177.0,9125.323050847459,11400.930242402159,-18000.0,2250.0,6000.0,11000.0,72000.0,177,2,有效发票,168,129.0,19239.17317829457,18036.92285897822,-7239.32,2654.87,15344.82,30442.48,71452.99,129.0,2949.0547286821707,2753.5459926077806,-1230.68,435.9,2342.95,4802.13,12147.01,129.0,22188.227906976743,20753.729909095477,-8470.0,3000.0,17800.0,35000.0,83600.0,129,2,有效发票,123
E92,***地质灾害防治有限公司,否,213.0,699.8073239436617,2090.558651023844,51.0,206.9,269.91,566.04,28200.0,213.0,50.269718309859186,99.18419499452887,0.0,15.45,30.79,43.45,1214.87,213.0,750.0770422535212,2125.599510081932,51.0,220.0,310.0,590.0,28200.0,213,2,有效发票,212,39.0,62480.45692307692,36425.9324837739,-69902.91,52427.18,67961.17,87378.64,94660.19,39.0,1874.4148717948724,1092.7794001749362,-2097.09,1572.82,2038.83,2621.36,2839.81,39.0,64354.8717948718,37518.71188394531,-72000.0,54000.0,70000.0,90000.0,97500.0,39,2,有效发票,36
E93,***电脑设计事务所,否,213.0,1489.678544600938,2832.577377536965,-5442.48,150.0,280.32,1747.57,20258.62,213.0,84.90751173708927,257.0647200075359,-707.52,7.14,32.44,64.69,3241.38,213.0,1574.5860563380284,3022.4998244244275,-6150.0,159.0,320.0,1800.0,23500.0,213,2,有效发票,208,148.0,10395.808175675675,13696.642844580216,-9598.06,4660.19,7660.195,9514.5625,87184.46,148.0,311.87425675675655,410.8996365899876,-287.94,139.81,229.805,285.44,2615.54,148.0,10707.682432432432,14107.542481156966,-9886.0,4800.0,7890.0,9800.0,89800.0,148,2,有效发票,141
E94,***汽车美容有限公司,否,4.0,3512.4674999999997,6465.226572355502,264.15,264.15,287.735,3536.0525000000002,13210.25,4.0,574.0325,1114.4791318032833,15.85,15.85,17.265,575.4475,2245.75,4.0,4086.5,7579.703314334495,280.0,280.0,305.0,4111.5,15456.0,4,1,有效发票,4,196.0,5988.278571428571,4929.727427203252,-9708.74,2499.9975,7766.99,9708.74,9708.74,196.0,179.64739795918342,147.89072833359378,-291.26,75.0025,233.01,291.26,291.26,196.0,6167.925969387755,5077.618155518073,-10000.0,2575.0,8000.0,10000.0,10000.0,196,2,有效发票,178
E95,***兰花店,否,4.0,268.395,8.490000000000009,264.15,264.15,264.15,268.395,281.13,4.0,16.105,0.5100000000000007,15.85,15.85,15.85,16.105,16.87,4.0,284.5,9.0,280.0,280.0,280.0,284.5,298.0,4,1,有效发票,4,913.0,2687.844337349406,3023.9002456138837,0.0,514.56,1242.72,3776.7,9707.77,913.0,80.63589266155535,90.71736857202819,0.0,15.44,37.28,113.3,291.23,913.0,2768.4802300109527,3114.6176141438514,0.0,530.0,1280.0,3890.0,9999.0,913,2,有效发票,864
E96,***土地整理有限公司,否,11.0,210818.30636363634,696514.0371753956,50.0,245.28499999999997,330.19,526.3,2310881.9,11.0,10588.053636363637,34810.67616169996,0.0,14.715,19.81,40.2,115544.1,11.0,221406.36,731324.4370712753,50.0,260.0,350.0,566.5,2426426.0,11,1,有效发票,11,20.0,76576.8615,25439.347552581294,19417.48,58131.072499999995,84296.11499999999,97087.38,99223.3,20.0,2390.6385,699.0415306333832,582.52,2319.1775,2528.885,2912.62,2976.7,20.0,78967.5,26088.34320756666,20000.0,59875.0,86825.0,100000.0,102200.0,20,2,有效发票,18
E97,***美工装饰部,否,9.0,2083.855555555556,1389.1392097186579,264.15,283.01,2830.19,2830.19,3773.58,9.0,125.03333333333336,83.34546298389614,15.85,16.99,169.81,169.81,226.42,9.0,2208.8888888888887,1472.4846726234916,280.0,300.0,3000.0,3000.0,4000.0,9,1,有效发票,9,264.0,3711.8153787878764,3616.468768034879,-6663.11,481.07,2372.815,7673.0599999999995,9677.67,264.0,111.35469696969699,108.49388901463522,-199.89,14.43,71.185,230.19,290.33,264.0,3823.170075757576,3724.9626570070914,-6863.0,495.5,2444.0,7903.25,9968.0,264,2,有效发票,255
E98,***文化传播有限公司,否,51.0,3912.0264705882355,13626.939280473784,-1706.84,264.15,846.02,2347.295,97087.38,51.0,195.6005882352941,473.29713947334085,-290.16,12.105,47.8,201.5,2912.62,51.0,4107.627058823529,14046.199486196869,-1997.0,280.0,911.2,2577.48,100000.0,51,2,有效发票,50,153.0,11522.533267973855,18117.893299982006,-28590.0,1625.24,6796.12,15145.63,88571.84,153.0,339.44058823529406,530.4169582696677,-625.66,44.3,175.92,430.92,2657.16,153.0,11861.97385620915,18632.056134998442,-28590.0,1674.0,7000.0,15600.0,91229.0,153,2,有效发票,133
E99,***建筑工程有限责任公司,是,880.0,7255.585806818198,63114.51699161457,-89557.52,176.99,297.45500000000004,464.8275,909090.91,880.0,701.2546590909093,6330.647412315154,-11642.48,24.16,40.205,62.76,90909.09,880.0,7956.840465909098,69395.86124163703,-101200.0,200.0,340.0,520.0,1000000.0,880,2,有效发票,871,8.0,186012.75,136382.7463641288,8.62,84315.46,184079.35,243216.595,423492.64,8.0,7870.0825,8797.944519679826,0.86,2529.46,5522.38,8183.0675,27475.51,8.0,193882.8325,142890.99336372182,9.48,86844.92,189601.72999999998,255092.345,436197.42,8,2,有效发票,5
E100,***装饰工程有限公司,是,58.0,363.25517241379316,520.3145650073056,2.91,172.41,197.745,254.14749999999998,2465.49,58.0,38.86586206896552,64.72003475251388,0.09,20.740000000000002,25.585,29.112499999999997,320.51,58.0,402.1210344827586,580.3827906624701,3.0,200.0,217.5,275.0,2786.0,58,1,有效发票,58,99.0,6977.436464646463,13052.448043937597,-15393.2,1922.33,6059.3,9000.0,91000.0,99.0,209.32323232323225,391.5735414933047,-461.8,57.67,181.78,270.0,2730.0,99.0,7186.759696969697,13444.021585423825,-15855.0,1980.0,6241.08,9270.0,93730.0,99,2,有效发票,98
E101,***灯饰工程有限公司,是,16.0,2868.8606250000003,8745.736107410261,177.36,205.8225,212.64999999999998,264.15,34883.62,16.0,453.51437500000003,1401.1154233774782,10.64,27.73,32.205,35.875,5581.38,16.0,3322.375,10146.824645342667,188.0,235.0,244.5,280.0,40465.0,16,1,有效发票,16,63.0,9982.348888888891,6922.181962893173,3957.52,9122.195,9885.44,9889.16,62803.65,63.0,1540.9115873015874,1117.9305809918585,514.48,1290.57,1562.94,1582.26,10048.6,63.0,11523.260476190471,8035.118345177689,4472.0,10442.5,11331.32,11471.42,72852.25,63,2,有效发票,32
E102,***大药房有限责任公司,是,730.0,4413.845712328759,7621.900506921615,-14879.93,247.965,893.81,5479.16,56026.13,730.0,666.8170821917813,1218.6058468904384,-2529.51,31.3775,117.72,746.9325,8964.17,730.0,5080.662794520551,8828.3168759845,-17409.44,280.0,1012.0,6375.8324999999995,64990.3,730,2,有效发票,710,177.0,2278.1268926553676,3675.893226592401,-9969.93,213.89,722.84,2767.24,9994.87,177.0,349.05395480225974,581.8782791072124,-1694.91,32.69,111.58,410.02,1695.65,177.0,2627.180847457627,4254.205913788018,-11664.84,243.0,838.5,3210.0,11670.0,177,2,有效发票,151
E103,***科技有限公司,是,172.0,4140.925406976745,12978.494796251302,0.01,137.20499999999998,273.395,1547.5475000000001,93500.7,172.0,333.26767441860466,1239.3430580440775,0.0,10.905,29.06,126.7375,9663.72,172.0,4474.193081395349,14157.14446042189,0.01,149.745,300.0,1717.75,101915.76,172,2,有效发票,169,64.0,30301.918749999986,34575.14689057649,-6245.82,6245.82,15596.325,41974.3125,94339.62,64.0,2280.4209375,2314.9283986497935,-999.33,769.4200000000001,1361.8249999999998,3761.085,9476.77,64.0,32582.339687500003,36743.088151360695,-7245.15,7245.15,17420.035,45039.667499999996,100000.0,64,2,有效发票,54
E104,***管理咨询有限责任公司,否,1.0,264.15,,264.15,264.15,264.15,264.15,264.15,1.0,15.85,,15.85,15.85,15.85,15.85,15.85,1.0,280.0,,280.0,280.0,280.0,280.0,280.0,1,1,有效发票,1,21.0,13431.809047619046,24753.979176171437,-58446.6,4854.37,9708.74,17475.73,58446.6,21.0,402.95285714285717,742.6197380095876,-1753.4,145.63,291.26,524.27,1753.4,21.0,13834.761904761905,25496.598914178263,-60200.0,5000.0,10000.0,18000.0,60200.0,21,2,有效发票,19
E105,***建材经营部,否,6.0,1239.4866666666667,1272.3680263927836,264.15,343.74249999999995,582.52,2299.4725,2871.79,6.0,173.84666666666666,243.50588203710126,15.85,16.2575,17.48,370.5275,488.21,6.0,1413.3333333333333,1514.657276966201,280.0,360.0,600.0,2670.0,3360.0,6,1,有效发票,6,122.0,7661.634180327865,3860.372849889422,-9514.56,6543.205,9525.24,9900.0,9999.86,122.0,231.47147540983613,127.85684999391768,-475.73,196.295,285.995,297.0,495.0,122.0,7893.105655737705,3984.9905857957765,-9990.29,6739.5,9819.1,10197.0,10395.0,122,2,有效发票,121
E106,***财务管理有限公司,否,36.0,1640.920277777778,3072.6052800779307,3.45,121.6,272.85,723.84,11133.02,36.0,66.3325,133.97910407170644,0.0,3.94,10.73,55.4675,667.98,36.0,1707.2527777777777,3189.4606120324397,3.9,125.25,285.0,792.65,11801.0,36,2,有效发票,35,153.0,4182.389084967317,3697.3222189414473,-9708.74,1262.14,3398.06,6990.29,9902.91,153.0,126.09366013071882,110.74616020284046,-291.26,37.86,104.85,209.71,297.09,153.0,4308.482745098039,3807.939615015655,-10000.0,1300.0,3500.0,7200.0,10200.0,153,2,有效发票,138
E107,***科技有限公司,是,9.0,11626.375555555554,22218.629294746734,169.81,264.15,264.15,17137.74,67200.0,9.0,696.9577777777779,1333.480963135374,5.62,15.85,15.85,1028.26,4032.0,9.0,12323.333333333334,23552.109061610598,180.0,280.0,280.0,18166.0,71232.0,9,1,有效发票,9,54.0,16413.34574074074,28134.98415328722,0.0,1650.94,9433.96,9433.96,94339.62,54.0,984.8024074074075,1688.0994776977834,0.0,99.06,566.04,566.04,5660.38,54.0,17398.14814814815,29823.083630983852,0.0,1750.0,10000.0,10000.0,100000.0,54,2,有效发票,34
E108,***商贸有限公司,是,218.0,455.4908256880733,1179.05936906383,-197.63,91.3225,164.10000000000002,286.3375,9707.77,218.0,31.770412844036695,80.42085105344619,-4.9,4.8075,11.265,22.4925,885.37,218.0,487.2612385321098,1237.0925898786072,-202.53,100.0,177.5,300.375,9999.0,218,1,有效发票,218,33.0,5802.154848484849,3576.4151360913424,-0.97,3398.06,6116.5,9320.39,9708.74,33.0,174.06515151515154,107.29150683189036,-0.03,101.94,183.5,279.61,291.26,33.0,5976.22,3683.7066429005977,-1.0,3500.0,6300.0,9600.0,10000.0,33,1,有效发票,33
E109,***服饰有限公司,是,10.0,325.744,166.41579079722771,155.34,246.6225,277.705,303.6425,739.81,10.0,11.356,5.438411124175476,4.66,7.6,8.985,15.44,22.19,10.0,337.1,170.78670908475286,160.0,256.0,290.0,312.75,762.0,10,1,有效发票,10,33.0,20073.132121212126,26033.97075442185,850.49,1182.52,8155.34,23495.15,80718.45,33.0,625.140606060606,783.6383459261491,25.51,35.48,244.66,1106.8,2421.55,33.0,20698.272727272728,26812.80161050959,876.0,1218.0,8400.0,24355.0,83140.0,33,2,有效发票,23
E110,***通讯器材经营部,否,3.0,321.13,98.69225501527463,264.15,264.15,264.15,349.62,435.09,3.0,25.536666666666665,16.777798822650524,15.85,15.85,15.85,30.38,44.91,3.0,346.6666666666667,115.47005383792515,280.0,280.0,280.0,380.0,480.0,3,1,有效发票,3,83.0,3221.489397590362,3672.2516133278045,49.2,378.64,902.91,6552.43,9708.74,83.0,96.6455421686747,110.167131814913,1.48,11.36,27.09,196.57,291.26,83.0,3318.134939759036,3782.418745105155,50.68,390.0,930.0,6749.0,10000.0,83,2,有效发票,62
E111,***科技有限公司,是,278.0,2150.9244244604297,12739.990605423296,-64102.56,229.37,658.185,2112.05,92456.9,278.0,199.06341726618697,2062.3086578900193,-10897.44,12.825,46.79,189.58749999999998,14793.1,278.0,2349.9878417266173,14784.914408061975,-75000.0,240.25,742.0,2359.0,107250.0,278,2,有效发票,264,250.0,5636.02368,39176.00531222604,-97087.38,335.09,3153.095,9548.7775,97087.38,250.0,1034.3571200000004,3598.5861615516974,-14529.91,53.0375,422.325,1604.1,14529.91,250.0,6670.380800000001,41928.53490656208,-100000.0,382.5,3563.0,11040.0,100000.0,250,2,有效发票,204
E112,***机械设备有限公司,是,106.0,8012.59141509434,9086.61571985118,-4000.0,1886.79,5334.004999999999,9763.14,51911.17,106.0,1314.3320754716979,1538.6346601641694,-680.0,138.805,878.995,1566.1375,8824.83,106.0,9326.923490566038,10623.196377466855,-4680.0,2000.0,6213.0,11325.25,60736.0,106,2,有效发票,102,22.0,65237.88590909091,39968.24087920983,-84876.5,61203.590000000004,84158.04000000001,85453.79,93410.08,22.0,11049.213636363636,6796.282649547365,-14429.03,10088.4125,14298.21,14518.4825,15879.7,22.0,76287.09954545455,46763.456553971046,-99305.53,71157.06999999999,98464.925,99956.36750000001,109289.78,22,2,有效发票,16
E113,***美居科技有限公司,是,104.0,12406.936249999997,27177.668124761552,10.38,176.4675,530.19,1864.07,133398.06,104.0,650.6476923076926,1827.7395596137726,0.62,10.64,27.585,77.3925,14035.9,104.0,13057.583942307692,28449.553815770952,11.0,200.0,546.1,1920.0,137400.0,104,2,有效发票,102,47.0,6239.058510638303,5247.204543896384,603.45,603.45,7543.1,9572.65,29646.01,47.0,1009.8776595744694,783.1839437700353,96.55,96.55,1206.9,1627.35,3853.99,47.0,7248.936170212766,6021.641129056225,700.0,700.0,8750.0,11200.0,33500.0,47,2,有效发票,31
E114,***食品有限责任公司,是,76.0,8125.540657894735,15037.480979584783,88.49,309.5675,1200.0,8882.744999999999,61061.95,76.0,1090.801447368421,2272.675831092916,0.0,3.7125000000000004,46.555,1167.7,10025.64,76.0,9216.342105263158,17282.17299034095,100.0,351.0,1200.0,10037.5,69000.0,76,2,有效发票,69,75.0,3384.4192000000007,2702.787668204191,-4577.16,1165.05,2551.46,4753.395,9856.31,75.0,101.73600000000005,81.35430313042964,-146.84,34.95,76.54,146.82,295.69,75.0,3486.1551999999997,2784.109185396,-4724.0,1200.0,2628.0,4896.0,10152.0,75,2,有效发票,66
E115,***装饰工程有限公司,是,2.0,264.15,0.0,264.15,264.15,264.15,264.15,264.15,2.0,15.85,0.0,15.85,15.85,15.85,15.85,15.85,2.0,280.0,0.0,280.0,280.0,280.0,280.0,280.0,2,1,有效发票,2,6.0,17508.09,13472.659751296327,194.17,10194.1775,14077.669999999998,28883.495,33980.58,6.0,525.2433333333332,404.1794661615885,5.83,305.8225,422.33,866.505,1019.42,6.0,18033.333333333332,13876.83921743949,200.0,10500.0,14500.0,29750.0,35000.0,6,2,有效发票,4
E116,***门窗有限公司,是,10.0,260.58700000000005,126.71805422976546,134.95,172.5125,231.105,286.2525,541.75,10.0,20.037999999999997,20.003086317421676,4.05,5.37,15.85,24.755,68.15,10.0,280.625,137.65139392683244,139.0,183.5,242.0,317.6875,558.0,10,1,有效发票,10,47.0,5475.093404255321,3528.639804318173,145.63,2184.465,5825.24,9014.085,9990.29,47.0,164.38148936170214,105.68880363099476,4.37,65.535,174.76,270.415,299.71,47.0,5639.474893617022,3634.3251109261187,150.0,2250.0,6000.0,9284.5,10290.0,47,2,有效发票,43
E117,***人力资源管理咨询有限公司,是,4.0,1677.1975000000002,1436.9569120511815,311.32,951.6175,1354.0749999999998,2079.6549999999997,3689.32,4.0,102.80250000000001,104.09403004815725,18.68,30.8825,72.815,144.735,246.9,4.0,1780.0,1474.15512526102,330.0,982.5,1495.0,2292.5,3800.0,4,1,有效发票,4,44.0,16289.56590909091,14450.827732690745,3491.63,9985.44,9985.44,20146.62,72405.45,44.0,50.07045454545453,130.93505478626267,14.56,14.56,17.095,31.5775,873.79,44.0,16339.636363636364,14492.657600654535,3568.0,10000.0,10000.0,20176.0,72592.0,44,2,有效发票,26
E118,***体育用品有限公司,是,29.0,5240.370689655171,12938.848457370244,58.52,696.46,1001.94,1165.05,59986.73,29.0,592.1393103448277,1698.9851099026546,3.15,30.06,30.09,105.84,7798.27,29.0,5832.51,14630.17984712863,63.79,787.0,1032.0,1200.0,67785.0,29,2,有效发票,27,144.0,2176.113263888889,6728.914680175985,-501.95,216.015,464.08,947.5775,67548.54,144.0,65.38118055555555,201.849728157701,-15.05,6.485,13.92,29.2375,2026.46,144.0,2241.494444444444,6930.761126067172,-517.0,222.5,478.0,976.0,69575.0,144,2,有效发票,136
E119,***药房,是,315.0,697.7528253968255,1228.014103162061,-34.51,177.07999999999998,443.77,741.325,12660.75,315.0,95.25457142857142,159.1124507194203,-4.49,21.735,61.85,109.57,1625.05,315.0,793.0073968253965,1383.5003570557753,-39.0,200.1,504.44,858.625,14285.8,315,2,有效发票,314,21.0,1721.7761904761903,877.7423532989403,0.0,1067.96,2330.1,2330.1,2427.18,21.0,51.652380952380945,26.33223289141312,0.0,32.04,69.9,69.9,72.82,21.0,1773.4285714285713,904.0745860507624,0.0,1100.0,2400.0,2400.0,2500.0,21,2,有效发票,18
E120,***陈列广告有限公司,是,36.0,784.9186111111113,2312.3091445221744,26.54,129.31,172.41,247.39999999999998,10141.51,36.0,53.868611111111086,137.0018587809831,0.0,13.79,22.869999999999997,27.59,608.49,36.0,838.7872222222223,2448.25155503574,27.34,150.0,200.0,258.25,10750.0,36,2,有效发票,35,29.0,6574.9382758620695,16912.24111108833,0.0,0.0,0.0,419.42,75728.16,29.0,197.2486206896552,507.36703651388956,0.0,0.0,0.0,12.58,2271.84,29.0,6772.186896551723,17419.608147597253,0.0,0.0,0.0,432.0,78000.0,29,2,作废发票,20
E121,***药业连锁有限公司***药店,是,50.0,21469.723600000005,25870.030697555267,-2264.15,317.3925,2264.15,50312.465000000004,64622.95,50.0,3552.674000000001,4409.54843925992,-135.85,11.605,135.85,8390.4225,10985.96,50.0,25022.397600000004,30277.249672868213,-2400.0,331.40250000000003,2400.0,58857.53,75608.91,50,1,有效发票,50,186.0,562.614623655914,370.250979221098,0.0,262.70000000000005,626.5,813.4925000000001,1971.0,186.0,70.67978494623651,65.18411197529312,0.0,18.8175,46.489999999999995,121.94,335.07,186.0,633.2944086021506,421.286981469395,0.0,292.045,716.63,931.0625,2306.07,186,2,有效发票,163
E122,***商贸有限责任公司,是,48.0,1074.5762499999998,2850.090805819251,-4817.24,168.075,264.15,907.55,17636.09,48.0,65.17916666666666,225.50428809276988,-770.76,13.6975,18.835,44.1225,1058.17,48.0,1139.7554166666666,3056.48382767767,-5588.0,194.0,280.0,962.0,18694.26,48,2,有效发票,47,118.0,716.7323728813568,1390.1465134427583,-283.81,217.29000000000002,274.82,388.515,7636.87,118.0,24.700338983050827,56.787702727621316,-14.19,6.855,8.39,14.19,381.84,118.0,741.4327118644067,1444.9654002764225,-298.0,226.75,283.755,406.0,8018.71,118,2,有效发票,102
E123,***创科技有限责任公司,是,3.0,264.15,0.0,264.15,264.15,264.15,264.15,264.15,3.0,15.85,0.0,15.85,15.85,15.85,15.85,15.85,3.0,280.0,0.0,280.0,280.0,280.0,280.0,280.0,3,1,有效发票,3,65.0,3641.680923076922,4003.31891310187,0.0,0.0,1616.38,7329.62,9655.56,65.0,468.5990769230769,640.592524049325,0.0,0.0,76.15,1239.11,1641.44,65.0,4110.280000000001,4587.514043547987,0.0,0.0,1875.0,8528.0,11297.0,65,2,有效发票,33
