方案,站点数,成本,覆盖率,满意度,站点详情
P1,4,114,0.408717,0.986021,A(中型)-D(小型)-H(中型)-J(中型)
P2,5,117,0.498583,0.981271,A(小型)-B(小型)-F(小型)-I(小型)-J(大型)
P3,6,108,0.576449,0.978231,A(小型)-B(小型)-D(小型)-F(小型)-I(小型)-J(小型)
P4,5,117,0.743352,0.977220,A(小型)-D(小型)-F(小型)-H(大型)-I(小型)
P5,5,117,0.744333,0.971224,C(小型)-D(小型)-E(大型)-G(小型)-H(小型)
P6,5,118,0.760057,0.970777,C(小型)-D(中型)-F(中型)-G(小型)-H(小型)
P7,5,118,0.768135,0.963989,C(小型)-D(中型)-F(小型)-H(小型)-I(中型)
P8,5,118,0.818455,0.961758,D(中型)-E(小型)-G(小型)-H(小型)-I(中型)
P9,5,118,0.825279,0.958867,B(小型)-D(小型)-F(中型)-H(小型)-I(中型)
P10,5,118,0.826224,0.957540,B(小型)-D(中型)-G(小型)-H(小型)-I(中型)
P11,5,118,0.836633,0.948921,F(中型)-G(小型)-H(小型)-I(中型)-J(小型)
P12,5,118,0.848840,0.946979,D(中型)-E(小型)-F(小型)-G(小型)-J(中型)
P13,5,118,0.848937,0.940419,B(中型)-C(小型)-E(小型)-G(中型)-J(小型)
P14,4,114,0.854589,0.936147,D(中型)-E(中型)-G(小型)-J(中型)
P15,4,114,0.854727,0.929704,B(中型)-C(小型)-I(中型)-J(中型)
P16,4,114,0.854776,0.927396,C(中型)-G(中型)-H(中型)-J(小型)
P17,4,113,0.855166,0.925221,E(大型)-G(小型)-H(中型)-J(小型)
P18,3,109,0.855634,0.924782,H(中型)-I(大型)-J(中型)
P19,3,109,0.856622,0.899868,C(中型)-D(中型)-G(大型)
