方案,站点数,成本(万),覆盖率,满意度,站点详情
P1,4,114,0.408717,0.986021,A(中型)-D(小型)-H(中型)-J(中型)
P2,4,113,0.424071,0.978653,A(中型)-B(小型)-D(大型)-J(小型)
P3,5,118,0.576449,0.977897,B(小型)-D(中型)-F(小型)-I(小型)-J(中型)
P4,5,118,0.609290,0.976958,A(小型)-B(中型)-D(中型)-G(小型)-J(小型)
P5,5,118,0.685301,0.975892,B(小型)-D(小型)-G(小型)-H(中型)-J(中型)
P6,5,118,0.760057,0.970777,C(小型)-D(中型)-F(中型)-G(小型)-H(小型)
P7,5,118,0.768135,0.963989,C(小型)-D(中型)-F(小型)-H(小型)-I(中型)
P8,5,118,0.826224,0.957540,B(小型)-D(中型)-G(小型)-H(小型)-I(中型)
P9,5,118,0.848840,0.946979,D(中型)-E(小型)-F(小型)-G(小型)-J(中型)
P10,4,114,0.849887,0.933377,D(中型)-G(中型)-I(小型)-J(中型)
P11,4,114,0.854589,0.929771,C(小型)-D(中型)-I(中型)-J(中型)
P12,4,113,0.855166,0.925221,E(大型)-G(小型)-H(中型)-J(小型)
P13,3,109,0.855634,0.924782,H(中型)-I(大型)-J(中型)
P14,3,109,0.856622,0.899868,C(中型)-D(中型)-G(大型)
