case_id,delta_d,phi_min_target,R_worst,d_hat,b_min,b_max,feasible,phi_min_max,width,feasibility_ratio,angle_margin
1,200.0,30.0,800.0,500.0,115.47005383792515,774.5966692414834,True,75.52248781407008,659.1266154035582,0.25,45.522487814070075
2,200.0,30.0,800.0,752.5,115.47005383792515,774.5966692414834,True,75.52248781407008,659.1266154035582,0.25,45.522487814070075
3,200.0,30.0,800.0,1000.0,115.47005383792515,774.5966692414834,True,75.52248781407008,659.1266154035582,0.25,45.522487814070075
4,200.0,30.0,1000.0,500.0,115.47005383792515,979.7958971132713,True,78.46304096718453,864.3258432753462,0.2,48.463040967184526
5,200.0,30.0,1000.0,752.5,115.47005383792515,979.7958971132713,True,78.46304096718453,864.3258432753462,0.2,48.463040967184526
6,200.0,30.0,1000.0,1000.0,115.47005383792515,979.7958971132713,True,78.46304096718453,864.3258432753462,0.2,48.463040967184526
7,200.0,30.0,1200.0,500.0,115.47005383792515,1183.2159566199232,True,80.40593177313954,1067.745902781998,0.16666666666666666,50.40593177313954
8,200.0,30.0,1200.0,752.5,115.47005383792515,1183.2159566199232,True,80.40593177313954,1067.745902781998,0.16666666666666666,50.40593177313954
9,200.0,30.0,1200.0,1000.0,115.47005383792515,1183.2159566199232,True,80.40593177313954,1067.745902781998,0.16666666666666666,50.40593177313954
10,200.0,35.0,800.0,500.0,140.04150764194193,774.5966692414834,True,75.52248781407008,634.5551615995414,0.25,40.522487814070075
11,200.0,35.0,800.0,752.5,140.04150764194193,774.5966692414834,True,75.52248781407008,634.5551615995414,0.25,40.522487814070075
12,200.0,35.0,800.0,1000.0,140.04150764194193,774.5966692414834,True,75.52248781407008,634.5551615995414,0.25,40.522487814070075
13,200.0,35.0,1000.0,500.0,140.04150764194193,979.7958971132713,True,78.46304096718453,839.7543894713293,0.2,43.463040967184526
14,200.0,35.0,1000.0,752.5,140.04150764194193,979.7958971132713,True,78.46304096718453,839.7543894713293,0.2,43.463040967184526
15,200.0,35.0,1000.0,1000.0,140.04150764194193,979.7958971132713,True,78.46304096718453,839.7543894713293,0.2,43.463040967184526
16,200.0,35.0,1200.0,500.0,140.04150764194193,1183.2159566199232,True,80.40593177313954,1043.1744489779812,0.16666666666666666,45.40593177313954
17,200.0,35.0,1200.0,752.5,140.04150764194193,1183.2159566199232,True,80.40593177313954,1043.1744489779812,0.16666666666666666,45.40593177313954
18,200.0,35.0,1200.0,1000.0,140.04150764194193,1183.2159566199232,True,80.40593177313954,1043.1744489779812,0.16666666666666666,45.40593177313954
19,200.0,40.0,800.0,500.0,167.819926235456,774.5966692414834,True,75.52248781407008,606.7767430060273,0.25,35.522487814070075
20,200.0,40.0,800.0,752.5,167.819926235456,774.5966692414834,True,75.52248781407008,606.7767430060273,0.25,35.522487814070075
21,200.0,40.0,800.0,1000.0,167.819926235456,774.5966692414834,True,75.52248781407008,606.7767430060273,0.25,35.522487814070075
22,200.0,40.0,1000.0,500.0,167.819926235456,979.7958971132713,True,78.46304096718453,811.9759708778153,0.2,38.463040967184526
23,200.0,40.0,1000.0,752.5,167.819926235456,979.7958971132713,True,78.46304096718453,811.9759708778153,0.2,38.463040967184526
24,200.0,40.0,1000.0,1000.0,167.819926235456,979.7958971132713,True,78.46304096718453,811.9759708778153,0.2,38.463040967184526
25,200.0,40.0,1200.0,500.0,167.819926235456,1183.2159566199232,True,80.40593177313954,1015.3960303844672,0.16666666666666666,40.40593177313954
26,200.0,40.0,1200.0,752.5,167.819926235456,1183.2159566199232,True,80.40593177313954,1015.3960303844672,0.16666666666666666,40.40593177313954
27,200.0,40.0,1200.0,1000.0,167.819926235456,1183.2159566199232,True,80.40593177313954,1015.3960303844672,0.16666666666666666,40.40593177313954
28,200.0,45.0,800.0,500.0,199.99999999999997,774.5966692414834,True,75.52248781407008,574.5966692414834,0.25,30.522487814070075
29,200.0,45.0,800.0,752.5,199.99999999999997,774.5966692414834,True,75.52248781407008,574.5966692414834,0.25,30.522487814070075
30,200.0,45.0,800.0,1000.0,199.99999999999997,774.5966692414834,True,75.52248781407008,574.5966692414834,0.25,30.522487814070075
31,200.0,45.0,1000.0,500.0,199.99999999999997,979.7958971132713,True,78.46304096718453,779.7958971132713,0.2,33.463040967184526
32,200.0,45.0,1000.0,752.5,199.99999999999997,979.7958971132713,True,78.46304096718453,779.7958971132713,0.2,33.463040967184526
33,200.0,45.0,1000.0,1000.0,199.99999999999997,979.7958971132713,True,78.46304096718453,779.7958971132713,0.2,33.463040967184526
34,200.0,45.0,1200.0,500.0,199.99999999999997,1183.2159566199232,True,80.40593177313954,983.2159566199232,0.16666666666666666,35.40593177313954
35,200.0,45.0,1200.0,752.5,199.99999999999997,1183.2159566199232,True,80.40593177313954,983.2159566199232,0.16666666666666666,35.40593177313954
36,200.0,45.0,1200.0,1000.0,199.99999999999997,1183.2159566199232,True,80.40593177313954,983.2159566199232,0.16666666666666666,35.40593177313954
37,200.0,50.0,800.0,500.0,238.350718518842,774.5966692414834,True,75.52248781407008,536.2459507226414,0.25,25.522487814070075
38,200.0,50.0,800.0,752.5,238.350718518842,774.5966692414834,True,75.52248781407008,536.2459507226414,0.25,25.522487814070075
39,200.0,50.0,800.0,1000.0,238.350718518842,774.5966692414834,True,75.52248781407008,536.2459507226414,0.25,25.522487814070075
40,200.0,50.0,1000.0,500.0,238.350718518842,979.7958971132713,True,78.46304096718453,741.4451785944293,0.2,28.463040967184526
41,200.0,50.0,1000.0,752.5,238.350718518842,979.7958971132713,True,78.46304096718453,741.4451785944293,0.2,28.463040967184526
42,200.0,50.0,1000.0,1000.0,238.350718518842,979.7958971132713,True,78.46304096718453,741.4451785944293,0.2,28.463040967184526
43,200.0,50.0,1200.0,500.0,238.350718518842,1183.2159566199232,True,80.40593177313954,944.8652381010812,0.16666666666666666,30.405931773139542
44,200.0,50.0,1200.0,752.5,238.350718518842,1183.2159566199232,True,80.40593177313954,944.8652381010812,0.16666666666666666,30.405931773139542
45,200.0,50.0,1200.0,1000.0,238.350718518842,1183.2159566199232,True,80.40593177313954,944.8652381010812,0.16666666666666666,30.405931773139542
46,400.0,30.0,800.0,500.0,230.9401076758503,692.8203230275509,True,60.00000000000001,461.8802153517006,0.5,30.000000000000007
47,400.0,30.0,800.0,752.5,230.9401076758503,692.8203230275509,True,60.00000000000001,461.8802153517006,0.5,30.000000000000007
48,400.0,30.0,800.0,1000.0,230.9401076758503,692.8203230275509,True,60.00000000000001,461.8802153517006,0.5,30.000000000000007
49,400.0,30.0,1000.0,500.0,230.9401076758503,916.515138991168,True,66.42182152179817,685.5750313153177,0.4,36.421821521798165
50,400.0,30.0,1000.0,752.5,230.9401076758503,916.515138991168,True,66.42182152179817,685.5750313153177,0.4,36.421821521798165
51,400.0,30.0,1000.0,1000.0,230.9401076758503,916.515138991168,True,66.42182152179817,685.5750313153177,0.4,36.421821521798165
52,400.0,30.0,1200.0,500.0,230.9401076758503,1131.370849898476,True,70.52877936550931,900.4307422226258,0.3333333333333333,40.52877936550931
53,400.0,30.0,1200.0,752.5,230.9401076758503,1131.370849898476,True,70.52877936550931,900.4307422226258,0.3333333333333333,40.52877936550931
54,400.0,30.0,1200.0,1000.0,230.9401076758503,1131.370849898476,True,70.52877936550931,900.4307422226258,0.3333333333333333,40.52877936550931
55,400.0,35.0,800.0,500.0,280.08301528388387,692.8203230275509,True,60.00000000000001,412.73730774366703,0.5,25.000000000000007
56,400.0,35.0,800.0,752.5,280.08301528388387,692.8203230275509,True,60.00000000000001,412.73730774366703,0.5,25.000000000000007
57,400.0,35.0,800.0,1000.0,280.08301528388387,692.8203230275509,True,60.00000000000001,412.73730774366703,0.5,25.000000000000007
58,400.0,35.0,1000.0,500.0,280.08301528388387,916.515138991168,True,66.42182152179817,636.4321237072841,0.4,31.421821521798165
59,400.0,35.0,1000.0,752.5,280.08301528388387,916.515138991168,True,66.42182152179817,636.4321237072841,0.4,31.421821521798165
60,400.0,35.0,1000.0,1000.0,280.08301528388387,916.515138991168,True,66.42182152179817,636.4321237072841,0.4,31.421821521798165
61,400.0,35.0,1200.0,500.0,280.08301528388387,1131.370849898476,True,70.52877936550931,851.2878346145922,0.3333333333333333,35.52877936550931
62,400.0,35.0,1200.0,752.5,280.08301528388387,1131.370849898476,True,70.52877936550931,851.2878346145922,0.3333333333333333,35.52877936550931
63,400.0,35.0,1200.0,1000.0,280.08301528388387,1131.370849898476,True,70.52877936550931,851.2878346145922,0.3333333333333333,35.52877936550931
64,400.0,40.0,800.0,500.0,335.639852470912,692.8203230275509,True,60.00000000000001,357.1804705566389,0.5,20.000000000000007
65,400.0,40.0,800.0,752.5,335.639852470912,692.8203230275509,True,60.00000000000001,357.1804705566389,0.5,20.000000000000007
66,400.0,40.0,800.0,1000.0,335.639852470912,692.8203230275509,True,60.00000000000001,357.1804705566389,0.5,20.000000000000007
67,400.0,40.0,1000.0,500.0,335.639852470912,916.515138991168,True,66.42182152179817,580.8752865202559,0.4,26.421821521798165
68,400.0,40.0,1000.0,752.5,335.639852470912,916.515138991168,True,66.42182152179817,580.8752865202559,0.4,26.421821521798165
69,400.0,40.0,1000.0,1000.0,335.639852470912,916.515138991168,True,66.42182152179817,580.8752865202559,0.4,26.421821521798165
70,400.0,40.0,1200.0,500.0,335.639852470912,1131.370849898476,True,70.52877936550931,795.730997427564,0.3333333333333333,30.52877936550931
71,400.0,40.0,1200.0,752.5,335.639852470912,1131.370849898476,True,70.52877936550931,795.730997427564,0.3333333333333333,30.52877936550931
72,400.0,40.0,1200.0,1000.0,335.639852470912,1131.370849898476,True,70.52877936550931,795.730997427564,0.3333333333333333,30.52877936550931
73,400.0,45.0,800.0,500.0,399.99999999999994,692.8203230275509,True,60.00000000000001,292.82032302755096,0.5,15.000000000000007
74,400.0,45.0,800.0,752.5,399.99999999999994,692.8203230275509,True,60.00000000000001,292.82032302755096,0.5,15.000000000000007
75,400.0,45.0,800.0,1000.0,399.99999999999994,692.8203230275509,True,60.00000000000001,292.82032302755096,0.5,15.000000000000007
76,400.0,45.0,1000.0,500.0,399.99999999999994,916.515138991168,True,66.42182152179817,516.515138991168,0.4,21.421821521798165
77,400.0,45.0,1000.0,752.5,399.99999999999994,916.515138991168,True,66.42182152179817,516.515138991168,0.4,21.421821521798165
78,400.0,45.0,1000.0,1000.0,399.99999999999994,916.515138991168,True,66.42182152179817,516.515138991168,0.4,21.421821521798165
79,400.0,45.0,1200.0,500.0,399.99999999999994,1131.370849898476,True,70.52877936550931,731.3708498984761,0.3333333333333333,25.52877936550931
80,400.0,45.0,1200.0,752.5,399.99999999999994,1131.370849898476,True,70.52877936550931,731.3708498984761,0.3333333333333333,25.52877936550931
81,400.0,45.0,1200.0,1000.0,399.99999999999994,1131.370849898476,True,70.52877936550931,731.3708498984761,0.3333333333333333,25.52877936550931
82,400.0,50.0,800.0,500.0,476.701437037684,692.8203230275509,True,60.00000000000001,216.1188859898669,0.5,10.000000000000007
83,400.0,50.0,800.0,752.5,476.701437037684,692.8203230275509,True,60.00000000000001,216.1188859898669,0.5,10.000000000000007
84,400.0,50.0,800.0,1000.0,476.701437037684,692.8203230275509,True,60.00000000000001,216.1188859898669,0.5,10.000000000000007
85,400.0,50.0,1000.0,500.0,476.701437037684,916.515138991168,True,66.42182152179817,439.813701953484,0.4,16.421821521798165
86,400.0,50.0,1000.0,752.5,476.701437037684,916.515138991168,True,66.42182152179817,439.813701953484,0.4,16.421821521798165
87,400.0,50.0,1000.0,1000.0,476.701437037684,916.515138991168,True,66.42182152179817,439.813701953484,0.4,16.421821521798165
88,400.0,50.0,1200.0,500.0,476.701437037684,1131.370849898476,True,70.52877936550931,654.6694128607921,0.3333333333333333,20.52877936550931
89,400.0,50.0,1200.0,752.5,476.701437037684,1131.370849898476,True,70.52877936550931,654.6694128607921,0.3333333333333333,20.52877936550931
90,400.0,50.0,1200.0,1000.0,476.701437037684,1131.370849898476,True,70.52877936550931,654.6694128607921,0.3333333333333333,20.52877936550931
91,600.0,30.0,800.0,500.0,346.41016151377545,529.1502622129182,True,41.40962210927086,182.74010069914272,0.75,11.409622109270863
92,600.0,30.0,800.0,752.5,346.41016151377545,529.1502622129182,True,41.40962210927086,182.74010069914272,0.75,11.409622109270863
93,600.0,30.0,800.0,1000.0,346.41016151377545,529.1502622129182,True,41.40962210927086,182.74010069914272,0.75,11.409622109270863
94,600.0,30.0,1000.0,500.0,346.41016151377545,800.0,True,53.13010235415599,453.58983848622455,0.6,23.130102354155987
95,600.0,30.0,1000.0,752.5,346.41016151377545,800.0,True,53.13010235415599,453.58983848622455,0.6,23.130102354155987
96,600.0,30.0,1000.0,1000.0,346.41016151377545,800.0,True,53.13010235415599,453.58983848622455,0.6,23.130102354155987
97,600.0,30.0,1200.0,500.0,346.41016151377545,1039.2304845413264,True,60.00000000000001,692.820323027551,0.5,30.000000000000007
98,600.0,30.0,1200.0,752.5,346.41016151377545,1039.2304845413264,True,60.00000000000001,692.820323027551,0.5,30.000000000000007
99,600.0,30.0,1200.0,1000.0,346.41016151377545,1039.2304845413264,True,60.00000000000001,692.820323027551,0.5,30.000000000000007
100,600.0,35.0,800.0,500.0,420.12452292582583,529.1502622129182,True,41.40962210927086,109.02573928709234,0.75,6.409622109270863
101,600.0,35.0,800.0,752.5,420.12452292582583,529.1502622129182,True,41.40962210927086,109.02573928709234,0.75,6.409622109270863
102,600.0,35.0,800.0,1000.0,420.12452292582583,529.1502622129182,True,41.40962210927086,109.02573928709234,0.75,6.409622109270863
103,600.0,35.0,1000.0,500.0,420.12452292582583,800.0,True,53.13010235415599,379.87547707417417,0.6,18.130102354155987
104,600.0,35.0,1000.0,752.5,420.12452292582583,800.0,True,53.13010235415599,379.87547707417417,0.6,18.130102354155987
105,600.0,35.0,1000.0,1000.0,420.12452292582583,800.0,True,53.13010235415599,379.87547707417417,0.6,18.130102354155987
106,600.0,35.0,1200.0,500.0,420.12452292582583,1039.2304845413264,True,60.00000000000001,619.1059616155005,0.5,25.000000000000007
107,600.0,35.0,1200.0,752.5,420.12452292582583,1039.2304845413264,True,60.00000000000001,619.1059616155005,0.5,25.000000000000007
108,600.0,35.0,1200.0,1000.0,420.12452292582583,1039.2304845413264,True,60.00000000000001,619.1059616155005,0.5,25.000000000000007
109,600.0,40.0,800.0,500.0,503.45977870636796,529.1502622129182,True,41.40962210927086,25.69048350655021,0.75,1.4096221092708632
110,600.0,40.0,800.0,752.5,503.45977870636796,529.1502622129182,True,41.40962210927086,25.69048350655021,0.75,1.4096221092708632
111,600.0,40.0,800.0,1000.0,503.45977870636796,529.1502622129182,True,41.40962210927086,25.69048350655021,0.75,1.4096221092708632
112,600.0,40.0,1000.0,500.0,503.45977870636796,800.0,True,53.13010235415599,296.54022129363204,0.6,13.130102354155987
113,600.0,40.0,1000.0,752.5,503.45977870636796,800.0,True,53.13010235415599,296.54022129363204,0.6,13.130102354155987
114,600.0,40.0,1000.0,1000.0,503.45977870636796,800.0,True,53.13010235415599,296.54022129363204,0.6,13.130102354155987
115,600.0,40.0,1200.0,500.0,503.45977870636796,1039.2304845413264,True,60.00000000000001,535.7707058349584,0.5,20.000000000000007
116,600.0,40.0,1200.0,752.5,503.45977870636796,1039.2304845413264,True,60.00000000000001,535.7707058349584,0.5,20.000000000000007
117,600.0,40.0,1200.0,1000.0,503.45977870636796,1039.2304845413264,True,60.00000000000001,535.7707058349584,0.5,20.000000000000007
118,600.0,45.0,800.0,500.0,599.9999999999999,529.1502622129182,False,41.40962210927086,,0.75,
119,600.0,45.0,800.0,752.5,599.9999999999999,529.1502622129182,False,41.40962210927086,,0.75,
120,600.0,45.0,800.0,1000.0,599.9999999999999,529.1502622129182,False,41.40962210927086,,0.75,
121,600.0,45.0,1000.0,500.0,599.9999999999999,800.0,True,53.13010235415599,200.0000000000001,0.6,8.130102354155987
122,600.0,45.0,1000.0,752.5,599.9999999999999,800.0,True,53.13010235415599,200.0000000000001,0.6,8.130102354155987
123,600.0,45.0,1000.0,1000.0,599.9999999999999,800.0,True,53.13010235415599,200.0000000000001,0.6,8.130102354155987
124,600.0,45.0,1200.0,500.0,599.9999999999999,1039.2304845413264,True,60.00000000000001,439.2304845413265,0.5,15.000000000000007
125,600.0,45.0,1200.0,752.5,599.9999999999999,1039.2304845413264,True,60.00000000000001,439.2304845413265,0.5,15.000000000000007
126,600.0,45.0,1200.0,1000.0,599.9999999999999,1039.2304845413264,True,60.00000000000001,439.2304845413265,0.5,15.000000000000007
127,600.0,50.0,800.0,500.0,715.052155556526,529.1502622129182,False,41.40962210927086,,0.75,
128,600.0,50.0,800.0,752.5,715.052155556526,529.1502622129182,False,41.40962210927086,,0.75,
129,600.0,50.0,800.0,1000.0,715.052155556526,529.1502622129182,False,41.40962210927086,,0.75,
130,600.0,50.0,1000.0,500.0,715.052155556526,800.0,True,53.13010235415599,84.94784444347397,0.6,3.130102354155987
131,600.0,50.0,1000.0,752.5,715.052155556526,800.0,True,53.13010235415599,84.94784444347397,0.6,3.130102354155987
132,600.0,50.0,1000.0,1000.0,715.052155556526,800.0,True,53.13010235415599,84.94784444347397,0.6,3.130102354155987
133,600.0,50.0,1200.0,500.0,715.052155556526,1039.2304845413264,True,60.00000000000001,324.1783289848004,0.5,10.000000000000007
134,600.0,50.0,1200.0,752.5,715.052155556526,1039.2304845413264,True,60.00000000000001,324.1783289848004,0.5,10.000000000000007
135,600.0,50.0,1200.0,1000.0,715.052155556526,1039.2304845413264,True,60.00000000000001,324.1783289848004,0.5,10.000000000000007
136,747.5,30.0,800.0,500.0,431.5693262192452,285.0328928387038,False,20.872594663228327,,0.934375,
137,747.5,30.0,800.0,752.5,431.5693262192452,285.0328928387038,False,20.872594663228327,,0.934375,
138,747.5,30.0,800.0,1000.0,431.5693262192452,285.0328928387038,False,20.872594663228327,,0.934375,
139,747.5,30.0,1000.0,500.0,431.5693262192452,664.2618083256029,True,41.62571823706027,232.69248210635772,0.7475,11.62571823706027
140,747.5,30.0,1000.0,752.5,431.5693262192452,664.2618083256029,True,41.62571823706027,232.69248210635772,0.7475,11.62571823706027
141,747.5,30.0,1000.0,1000.0,431.5693262192452,664.2618083256029,True,41.62571823706027,232.69248210635772,0.7475,11.62571823706027
142,747.5,30.0,1200.0,500.0,431.5693262192452,938.745838872269,True,51.47056083195781,507.1765126530238,0.6229166666666667,21.470560831957812
143,747.5,30.0,1200.0,752.5,431.5693262192452,938.745838872269,True,51.47056083195781,507.1765126530238,0.6229166666666667,21.470560831957812
144,747.5,30.0,1200.0,1000.0,431.5693262192452,938.745838872269,True,51.47056083195781,507.1765126530238,0.6229166666666667,21.470560831957812
145,747.5,35.0,800.0,500.0,523.405134811758,285.0328928387038,False,20.872594663228327,,0.934375,
146,747.5,35.0,800.0,752.5,523.405134811758,285.0328928387038,False,20.872594663228327,,0.934375,
147,747.5,35.0,800.0,1000.0,523.405134811758,285.0328928387038,False,20.872594663228327,,0.934375,
148,747.5,35.0,1000.0,500.0,523.405134811758,664.2618083256029,True,41.62571823706027,140.85667351384495,0.7475,6.625718237060269
149,747.5,35.0,1000.0,752.5,523.405134811758,664.2618083256029,True,41.62571823706027,140.85667351384495,0.7475,6.625718237060269
150,747.5,35.0,1000.0,1000.0,523.405134811758,664.2618083256029,True,41.62571823706027,140.85667351384495,0.7475,6.625718237060269
151,747.5,35.0,1200.0,500.0,523.405134811758,938.745838872269,True,51.47056083195781,415.34070406051103,0.6229166666666667,16.470560831957812
152,747.5,35.0,1200.0,752.5,523.405134811758,938.745838872269,True,51.47056083195781,415.34070406051103,0.6229166666666667,16.470560831957812
153,747.5,35.0,1200.0,1000.0,523.405134811758,938.745838872269,True,51.47056083195781,415.34070406051103,0.6229166666666667,16.470560831957812
154,747.5,40.0,800.0,500.0,627.2269743050167,285.0328928387038,False,20.872594663228327,,0.934375,
155,747.5,40.0,800.0,752.5,627.2269743050167,285.0328928387038,False,20.872594663228327,,0.934375,
156,747.5,40.0,800.0,1000.0,627.2269743050167,285.0328928387038,False,20.872594663228327,,0.934375,
157,747.5,40.0,1000.0,500.0,627.2269743050167,664.2618083256029,True,41.62571823706027,37.03483402058623,0.7475,1.6257182370602692
158,747.5,40.0,1000.0,752.5,627.2269743050167,664.2618083256029,True,41.62571823706027,37.03483402058623,0.7475,1.6257182370602692
159,747.5,40.0,1000.0,1000.0,627.2269743050167,664.2618083256029,True,41.62571823706027,37.03483402058623,0.7475,1.6257182370602692
160,747.5,40.0,1200.0,500.0,627.2269743050167,938.745838872269,True,51.47056083195781,311.5188645672523,0.6229166666666667,11.470560831957812
161,747.5,40.0,1200.0,752.5,627.2269743050167,938.745838872269,True,51.47056083195781,311.5188645672523,0.6229166666666667,11.470560831957812
162,747.5,40.0,1200.0,1000.0,627.2269743050167,938.745838872269,True,51.47056083195781,311.5188645672523,0.6229166666666667,11.470560831957812
163,747.5,45.0,800.0,500.0,747.4999999999999,285.0328928387038,False,20.872594663228327,,0.934375,
164,747.5,45.0,800.0,752.5,747.4999999999999,285.0328928387038,False,20.872594663228327,,0.934375,
165,747.5,45.0,800.0,1000.0,747.4999999999999,285.0328928387038,False,20.872594663228327,,0.934375,
166,747.5,45.0,1000.0,500.0,747.4999999999999,664.2618083256029,False,41.62571823706027,,0.7475,
167,747.5,45.0,1000.0,752.5,747.4999999999999,664.2618083256029,False,41.62571823706027,,0.7475,
168,747.5,45.0,1000.0,1000.0,747.4999999999999,664.2618083256029,False,41.62571823706027,,0.7475,
169,747.5,45.0,1200.0,500.0,747.4999999999999,938.745838872269,True,51.47056083195781,191.24583887226913,0.6229166666666667,6.470560831957812
170,747.5,45.0,1200.0,752.5,747.4999999999999,938.745838872269,True,51.47056083195781,191.24583887226913,0.6229166666666667,6.470560831957812
171,747.5,45.0,1200.0,1000.0,747.4999999999999,938.745838872269,True,51.47056083195781,191.24583887226913,0.6229166666666667,6.470560831957812
172,747.5,50.0,800.0,500.0,890.8358104641719,285.0328928387038,False,20.872594663228327,,0.934375,
173,747.5,50.0,800.0,752.5,890.8358104641719,285.0328928387038,False,20.872594663228327,,0.934375,
174,747.5,50.0,800.0,1000.0,890.8358104641719,285.0328928387038,False,20.872594663228327,,0.934375,
175,747.5,50.0,1000.0,500.0,890.8358104641719,664.2618083256029,False,41.62571823706027,,0.7475,
176,747.5,50.0,1000.0,752.5,890.8358104641719,664.2618083256029,False,41.62571823706027,,0.7475,
177,747.5,50.0,1000.0,1000.0,890.8358104641719,664.2618083256029,False,41.62571823706027,,0.7475,
178,747.5,50.0,1200.0,500.0,890.8358104641719,938.745838872269,True,51.47056083195781,47.910028408097105,0.6229166666666667,1.4705608319578118
179,747.5,50.0,1200.0,752.5,890.8358104641719,938.745838872269,True,51.47056083195781,47.910028408097105,0.6229166666666667,1.4705608319578118
180,747.5,50.0,1200.0,1000.0,890.8358104641719,938.745838872269,True,51.47056083195781,47.910028408097105,0.6229166666666667,1.4705608319578118
