站点,规模,服务,基准价,最优定价,S3档位,利润率,满意度,利用率,日均补贴
C,中型,助餐,10,8.57,平价,0.00%,0.8224,1.000,1800
C,中型,日间照料,20,17.15,平价,0.00%,0.8224,1.000,1800
C,中型,上门护理,30,25.72,平价,0.00%,0.8224,1.000,1800
C,中型,康复理疗,28,24.00,平价,0.00%,0.8224,1.000,1800
C,中型,助浴,25,21.43,平价,0.00%,0.8224,1.000,1800
C,中型,紧急救助,0,0,公益免费,,,,,
D,中型,助餐,10,8.58,平价,0.00%,0.8188,1.000,1800
D,中型,日间照料,20,17.15,平价,0.00%,0.8188,1.000,1800
D,中型,上门护理,30,25.73,平价,0.00%,0.8188,1.000,1800
D,中型,康复理疗,28,24.02,平价,0.00%,0.8188,1.000,1800
D,中型,助浴,25,21.44,平价,0.00%,0.8188,1.000,1800
D,中型,紧急救助,0,0,公益免费,,,,,
G,大型,助餐,10,8.51,平价,0.00%,0.8225,1.000,2600
G,大型,日间照料,20,17.02,平价,0.00%,0.8225,1.000,2600
G,大型,上门护理,30,25.53,平价,0.00%,0.8225,1.000,2600
G,大型,康复理疗,28,23.83,平价,0.00%,0.8225,1.000,2600
G,大型,助浴,25,21.27,平价,0.00%,0.8225,1.000,2600
G,大型,紧急救助,0,0,公益免费,,,,,

汇总,,全区域加权满意度,0.8215,,,,,
汇总,,总利润率,0.00%,,,,,
