seed,total,n_dir,cleared_true,ratio,T_vir,T_bar,T_run,N,n_direct,n_sweep,n_homing,n_homfb,n_probe_ch,n_probe_ok,n_req,n_measure,n_clear,clears_hit,clears_miss,R_MEC_med,surr_fail,move_m
1,13,13,13,100.0,7189.35,553.0,5.3,25.0,0.0,12.0,0.0,1.0,1.0,1.0,371.0,317.0,52.0,13,39,38.49,0.0,25536.8
2,13,13,13,100.0,6849.49,526.9,5.2,25.0,3.0,10.0,0.0,0.0,0.0,0.0,395.0,332.0,61.0,13,48,36.7,0.0,23247.4
3,13,13,13,100.0,6999.81,538.4,4.5,25.0,2.0,9.0,1.0,1.0,0.0,0.0,380.0,312.0,66.0,13,53,61.74,0.0,24529.1
4,13,13,13,100.0,7191.07,553.2,4.3,25.0,3.0,10.0,0.0,0.0,0.0,0.0,360.0,307.0,51.0,13,38,24.51,0.0,25855.4
5,13,13,13,100.0,7255.63,558.1,4.8,25.0,1.0,11.0,0.0,1.0,1.0,1.0,399.0,294.0,103.0,13,90,34.99,0.0,25793.2
6,13,13,13,100.0,6915.16,531.9,4.5,25.0,5.0,6.0,1.0,1.0,0.0,0.0,398.0,359.0,37.0,13,24,25.99,0.0,23130.8
7,13,13,13,100.0,7390.7,568.5,4.2,25.0,2.0,9.0,0.0,2.0,2.0,2.0,353.0,291.0,60.0,13,47,32.6,0.0,27213.5
8,13,13,13,100.0,7202.45,554.0,3.8,25.0,3.0,8.0,0.0,2.0,1.0,1.0,339.0,266.0,71.0,13,58,29.9,0.0,26852.3
9,13,13,13,100.0,6957.93,535.2,4.0,25.0,5.0,7.0,0.0,1.0,0.0,0.0,367.0,306.0,59.0,13,46,35.9,0.0,24599.7
10,13,13,13,100.0,7642.6,587.9,4.7,25.0,5.0,6.0,0.0,2.0,2.0,2.0,420.0,304.0,114.0,13,101,30.14,0.0,27268.0
11,13,13,13,100.0,6960.57,535.4,4.0,25.0,4.0,9.0,0.0,0.0,1.0,1.0,360.0,315.0,43.0,13,30,29.24,0.0,24582.9
12,13,13,13,100.0,6899.47,530.7,4.2,25.0,3.0,9.0,0.0,1.0,0.0,0.0,356.0,275.0,79.0,13,66,26.75,0.0,24937.3
42,13,13,13,100.0,6992.17,537.9,4.0,25.0,1.0,12.0,0.0,0.0,0.0,0.0,358.0,311.0,45.0,13,32,32.21,0.0,24830.8
99,13,13,13,100.0,6921.22,532.4,6.9,25.0,4.0,8.0,0.0,1.0,0.0,0.0,355.0,297.0,56.0,13,43,32.15,0.0,24731.1
2026,13,13,13,100.0,7785.27,598.9,16.0,25.0,4.0,8.0,0.0,1.0,1.0,1.0,375.0,321.0,52.0,13,39,25.65,0.0,28391.4
2027,13,13,13,100.0,7289.28,560.7,4.2,25.0,2.0,10.0,0.0,1.0,1.0,1.0,341.0,296.0,43.0,13,30,30.33,0.0,26801.4
