W,H,area,max_side,aspect_ratio,time,iterations,A_opt,dataset,initial_method,pairing,seed,cost_method,deadspace,gap,lower_bound,pairs_count
444.0,445.0,197580.0,445.0,1.0022522522522523,7.890240907669067,11,197580.0,n100,greedy_random,False,0,twophase,10.071810184901477,4.952830188679245,424,0
444.0,453.0,201132.0,453.0,1.0202702702702702,7.7863733768463135,11,201132.0,n100,greedy_random,False,1,twophase,12.050629244405323,6.839622641509433,424,0
444.0,449.0,199356.0,449.0,1.0112612612612613,7.70962381362915,11,199356.0,n100,greedy_random,False,2,twophase,11.0612197146534,5.89622641509434,424,0
444.0,447.0,198468.0,447.0,1.0067567567567568,6.647491216659546,11,198468.0,n100,greedy_random,False,3,twophase,10.566514949777439,5.4245283018867925,424,0
444.0,443.0,196692.0,444.0,1.002257336343115,7.732562780380249,11,196692.0,n100,greedy_random,False,4,twophase,9.577105420025516,4.716981132075472,424,0
444.0,445.0,197580.0,445.0,1.0022522522522523,7.823478937149048,11,197580.0,n100,greedy_random,False,5,twophase,10.071810184901477,4.952830188679245,424,0
444.0,452.0,200688.0,452.0,1.018018018018018,8.215278148651123,11,200688.0,n100,greedy_random,False,6,twophase,11.803276861967344,6.60377358490566,424,0
444.0,447.0,198468.0,447.0,1.0067567567567568,8.05458378791809,11,198468.0,n100,greedy_random,False,7,twophase,10.566514949777439,5.4245283018867925,424,0
444.0,445.0,197580.0,445.0,1.0022522522522523,7.5394909381866455,11,197580.0,n100,greedy_random,False,8,twophase,10.071810184901477,4.952830188679245,424,0
444.0,447.0,198468.0,447.0,1.0067567567567568,7.797163724899292,11,198468.0,n100,greedy_random,False,9,twophase,10.566514949777439,5.4245283018867925,424,0
444.0,444.0,197136.0,444.0,1.0,7.648414134979248,11,197136.0,n100,ffd,False,0,twophase,9.824457802463495,4.716981132075472,424,0
444.0,444.0,197136.0,444.0,1.0,7.862987518310547,11,197136.0,n100,ffd,False,1,twophase,9.824457802463495,4.716981132075472,424,0
444.0,444.0,197136.0,444.0,1.0,7.398115158081055,11,197136.0,n100,ffd,False,2,twophase,9.824457802463495,4.716981132075472,424,0
444.0,444.0,197136.0,444.0,1.0,7.57011866569519,11,197136.0,n100,ffd,False,3,twophase,9.824457802463495,4.716981132075472,424,0
444.0,444.0,197136.0,444.0,1.0,7.572950839996338,11,197136.0,n100,ffd,False,4,twophase,9.824457802463495,4.716981132075472,424,0
444.0,444.0,197136.0,444.0,1.0,7.605817556381226,11,197136.0,n100,ffd,False,5,twophase,9.824457802463495,4.716981132075472,424,0
444.0,444.0,197136.0,444.0,1.0,7.952431678771973,11,197136.0,n100,ffd,False,6,twophase,9.824457802463495,4.716981132075472,424,0
444.0,444.0,197136.0,444.0,1.0,7.5943474769592285,11,197136.0,n100,ffd,False,7,twophase,9.824457802463495,4.716981132075472,424,0
444.0,444.0,197136.0,444.0,1.0,7.6589515209198,11,197136.0,n100,ffd,False,8,twophase,9.824457802463495,4.716981132075472,424,0
444.0,444.0,197136.0,444.0,1.0,7.651653289794922,11,197136.0,n100,ffd,False,9,twophase,9.824457802463495,4.716981132075472,424,0
440.0,427.0,187880.0,440.0,1.0304449648711944,32.820236921310425,11,187880.0,n200,greedy_random,False,0,twophase,6.934705400236772,4.761904761904762,420,0
440.0,430.0,189200.0,440.0,1.0232558139534884,32.9992253780365,11,189200.0,n200,greedy_random,False,1,twophase,7.6860030962571715,4.761904761904762,420,0
440.0,433.0,190520.0,440.0,1.0161662817551964,32.6206431388855,11,190520.0,n200,greedy_random,False,2,twophase,8.43730079227757,4.761904761904762,420,0
440.0,431.0,189640.0,440.0,1.0208816705336428,32.34899020195007,11,189640.0,n200,greedy_random,False,3,twophase,7.936435661597304,4.761904761904762,420,0
440.0,426.0,187440.0,440.0,1.0328638497652582,33.115708351135254,11,187440.0,n200,greedy_random,False,4,twophase,6.68427283489664,4.761904761904762,420,0
440.0,430.0,189200.0,440.0,1.0232558139534884,33.31868124008179,11,189200.0,n200,greedy_random,False,5,twophase,7.6860030962571715,4.761904761904762,420,0
440.0,431.0,189640.0,440.0,1.0208816705336428,37.77953815460205,11,189640.0,n200,greedy_random,False,6,twophase,7.936435661597304,4.761904761904762,420,0
440.0,428.0,188320.0,440.0,1.02803738317757,33.37420344352722,11,188320.0,n200,greedy_random,False,7,twophase,7.185137965576906,4.761904761904762,420,0
440.0,429.0,188760.0,440.0,1.0256410256410255,34.7147376537323,11,188760.0,n200,greedy_random,False,8,twophase,7.4355705309170395,4.761904761904762,420,0
440.0,429.0,188760.0,440.0,1.0256410256410255,44.51481628417969,11,188760.0,n200,greedy_random,False,9,twophase,7.4355705309170395,4.761904761904762,420,0
440.0,427.0,187880.0,440.0,1.0304449648711944,44.22193002700806,11,187880.0,n200,ffd,False,0,twophase,6.934705400236772,4.761904761904762,420,0
440.0,427.0,187880.0,440.0,1.0304449648711944,36.24956750869751,11,187880.0,n200,ffd,False,1,twophase,6.934705400236772,4.761904761904762,420,0
440.0,427.0,187880.0,440.0,1.0304449648711944,32.88556742668152,11,187880.0,n200,ffd,False,2,twophase,6.934705400236772,4.761904761904762,420,0
440.0,427.0,187880.0,440.0,1.0304449648711944,34.130576610565186,11,187880.0,n200,ffd,False,3,twophase,6.934705400236772,4.761904761904762,420,0
440.0,427.0,187880.0,440.0,1.0304449648711944,37.20228815078735,11,187880.0,n200,ffd,False,4,twophase,6.934705400236772,4.761904761904762,420,0
440.0,427.0,187880.0,440.0,1.0304449648711944,43.24031352996826,11,187880.0,n200,ffd,False,5,twophase,6.934705400236772,4.761904761904762,420,0
440.0,427.0,187880.0,440.0,1.0304449648711944,37.376887798309326,11,187880.0,n200,ffd,False,6,twophase,6.934705400236772,4.761904761904762,420,0
440.0,427.0,187880.0,440.0,1.0304449648711944,42.310176849365234,11,187880.0,n200,ffd,False,7,twophase,6.934705400236772,4.761904761904762,420,0
440.0,427.0,187880.0,440.0,1.0304449648711944,48.1466646194458,11,187880.0,n200,ffd,False,8,twophase,6.934705400236772,4.761904761904762,420,0
440.0,427.0,187880.0,440.0,1.0304449648711944,41.23122549057007,11,187880.0,n200,ffd,False,9,twophase,6.934705400236772,4.761904761904762,420,0
548.0,525.0,287700.0,548.0,1.0438095238095237,14.560327291488647,5,287700.0,n300,greedy_random,False,0,twophase,5.31903210455028,4.780114722753346,523,0
548.0,523.0,286604.0,548.0,1.0478011472275335,15.955971479415894,5,286604.0,n300,greedy_random,False,1,twophase,4.9178167441519935,4.780114722753346,523,0
548.0,523.0,286604.0,548.0,1.0478011472275335,15.633310556411743,5,286604.0,n300,greedy_random,False,2,twophase,4.9178167441519935,4.780114722753346,523,0
548.0,528.0,289344.0,548.0,1.0378787878787878,19.475830793380737,5,289344.0,n300,greedy_random,False,3,twophase,5.92085514514771,4.780114722753346,523,0
548.0,522.0,286056.0,548.0,1.049808429118774,20.766279458999634,5,286056.0,n300,greedy_random,False,4,twophase,4.71720906395285,4.780114722753346,523,0
548.0,524.0,287152.0,548.0,1.0458015267175573,20.730712890625,5,287152.0,n300,greedy_random,False,5,twophase,5.1184244243511365,4.780114722753346,523,0
548.0,524.0,287152.0,548.0,1.0458015267175573,17.324713468551636,5,287152.0,n300,greedy_random,False,6,twophase,5.1184244243511365,4.780114722753346,523,0
548.0,522.0,286056.0,548.0,1.049808429118774,16.92695951461792,5,286056.0,n300,greedy_random,False,7,twophase,4.71720906395285,4.780114722753346,523,0
548.0,522.0,286056.0,548.0,1.049808429118774,21.150983572006226,5,286056.0,n300,greedy_random,False,8,twophase,4.71720906395285,4.780114722753346,523,0
548.0,525.0,287700.0,548.0,1.0438095238095237,18.14345622062683,5,287700.0,n300,greedy_random,False,9,twophase,5.31903210455028,4.780114722753346,523,0
548.0,519.0,284412.0,548.0,1.0558766859344895,96.31115460395813,11,284412.0,n300,ffd,False,0,twophase,4.11538602335542,4.780114722753346,523,0
548.0,519.0,284412.0,548.0,1.0558766859344895,108.9067325592041,11,284412.0,n300,ffd,False,1,twophase,4.11538602335542,4.780114722753346,523,0
548.0,519.0,284412.0,548.0,1.0558766859344895,105.65556526184082,11,284412.0,n300,ffd,False,2,twophase,4.11538602335542,4.780114722753346,523,0
548.0,519.0,284412.0,548.0,1.0558766859344895,80.79876017570496,11,284412.0,n300,ffd,False,3,twophase,4.11538602335542,4.780114722753346,523,0
548.0,519.0,284412.0,548.0,1.0558766859344895,72.98337841033936,11,284412.0,n300,ffd,False,4,twophase,4.11538602335542,4.780114722753346,523,0
548.0,519.0,284412.0,548.0,1.0558766859344895,91.90405702590942,11,284412.0,n300,ffd,False,5,twophase,4.11538602335542,4.780114722753346,523,0
548.0,519.0,284412.0,548.0,1.0558766859344895,90.77809476852417,11,284412.0,n300,ffd,False,6,twophase,4.11538602335542,4.780114722753346,523,0
548.0,519.0,284412.0,548.0,1.0558766859344895,87.40669989585876,11,284412.0,n300,ffd,False,7,twophase,4.11538602335542,4.780114722753346,523,0
548.0,519.0,284412.0,548.0,1.0558766859344895,91.16356635093689,11,284412.0,n300,ffd,False,8,twophase,4.11538602335542,4.780114722753346,523,0
548.0,519.0,284412.0,548.0,1.0558766859344895,73.89720678329468,11,284412.0,n300,ffd,False,9,twophase,4.11538602335542,4.780114722753346,523,0
444.0,444.0,197136.0,444.0,1.0,0.9129269123077393,2,,n100,ffd,False,0,weighted,9.824457802463495,4.716981132075472,424,0
444.0,444.0,197136.0,444.0,1.0,0.941169023513794,2,,n100,ffd,False,1,weighted,9.824457802463495,4.716981132075472,424,0
444.0,444.0,197136.0,444.0,1.0,0.8596539497375488,2,,n100,ffd,False,2,weighted,9.824457802463495,4.716981132075472,424,0
444.0,444.0,197136.0,444.0,1.0,0.8869924545288086,2,,n100,ffd,False,3,weighted,9.824457802463495,4.716981132075472,424,0
444.0,444.0,197136.0,444.0,1.0,0.9247961044311523,2,,n100,ffd,False,4,weighted,9.824457802463495,4.716981132075472,424,0
444.0,444.0,197136.0,444.0,1.0,0.9201138019561768,2,,n100,ffd,False,5,weighted,9.824457802463495,4.716981132075472,424,0
444.0,444.0,197136.0,444.0,1.0,0.9258944988250732,2,,n100,ffd,False,6,weighted,9.824457802463495,4.716981132075472,424,0
444.0,444.0,197136.0,444.0,1.0,0.8614139556884766,2,,n100,ffd,False,7,weighted,9.824457802463495,4.716981132075472,424,0
444.0,444.0,197136.0,444.0,1.0,0.9393105506896973,2,,n100,ffd,False,8,weighted,9.824457802463495,4.716981132075472,424,0
444.0,444.0,197136.0,444.0,1.0,0.9561870098114014,2,,n100,ffd,False,9,weighted,9.824457802463495,4.716981132075472,424,0
444.0,444.0,197136.0,444.0,1.0,0.00011515617370605469,0,,n100,ffd,False,0,greedy,9.824457802463495,4.716981132075472,424,0
444.0,444.0,197136.0,444.0,1.0,0.00010013580322265625,0,,n100,ffd,False,1,greedy,9.824457802463495,4.716981132075472,424,0
444.0,444.0,197136.0,444.0,1.0,9.846687316894531e-05,0,,n100,ffd,False,2,greedy,9.824457802463495,4.716981132075472,424,0
444.0,444.0,197136.0,444.0,1.0,9.703636169433594e-05,0,,n100,ffd,False,3,greedy,9.824457802463495,4.716981132075472,424,0
444.0,444.0,197136.0,444.0,1.0,0.00010156631469726562,0,,n100,ffd,False,4,greedy,9.824457802463495,4.716981132075472,424,0
444.0,444.0,197136.0,444.0,1.0,0.0017750263214111328,0,,n100,ffd,False,5,greedy,9.824457802463495,4.716981132075472,424,0
444.0,444.0,197136.0,444.0,1.0,9.775161743164062e-05,0,,n100,ffd,False,6,greedy,9.824457802463495,4.716981132075472,424,0
444.0,444.0,197136.0,444.0,1.0,9.751319885253906e-05,0,,n100,ffd,False,7,greedy,9.824457802463495,4.716981132075472,424,0
444.0,444.0,197136.0,444.0,1.0,9.584426879882812e-05,0,,n100,ffd,False,8,greedy,9.824457802463495,4.716981132075472,424,0
444.0,444.0,197136.0,444.0,1.0,9.632110595703125e-05,0,,n100,ffd,False,9,greedy,9.824457802463495,4.716981132075472,424,0
444.0,444.0,197136.0,444.0,1.0,7.213587760925293,11,197136.0,n100,ffd,True,0,twophase,9.824457802463495,4.716981132075472,424,0
444.0,444.0,197136.0,444.0,1.0,7.5656328201293945,11,197136.0,n100,ffd,True,1,twophase,9.824457802463495,4.716981132075472,424,0
444.0,444.0,197136.0,444.0,1.0,7.053348064422607,11,197136.0,n100,ffd,True,2,twophase,9.824457802463495,4.716981132075472,424,0
444.0,444.0,197136.0,444.0,1.0,7.194375991821289,11,197136.0,n100,ffd,True,3,twophase,9.824457802463495,4.716981132075472,424,0
444.0,444.0,197136.0,444.0,1.0,7.21779990196228,11,197136.0,n100,ffd,True,4,twophase,9.824457802463495,4.716981132075472,424,0
444.0,444.0,197136.0,444.0,1.0,9.010520935058594,11,197136.0,n100,ffd,True,5,twophase,9.824457802463495,4.716981132075472,424,0
444.0,444.0,197136.0,444.0,1.0,9.894811630249023,11,197136.0,n100,ffd,True,6,twophase,9.824457802463495,4.716981132075472,424,0
444.0,444.0,197136.0,444.0,1.0,8.676097393035889,11,197136.0,n100,ffd,True,7,twophase,9.824457802463495,4.716981132075472,424,0
444.0,444.0,197136.0,444.0,1.0,8.537139415740967,11,197136.0,n100,ffd,True,8,twophase,9.824457802463495,4.716981132075472,424,0
444.0,444.0,197136.0,444.0,1.0,9.232163190841675,11,197136.0,n100,ffd,True,9,twophase,9.824457802463495,4.716981132075472,424,0
